Mill,Loads,AvgDaysToShip,AvgCostPerMile
"Bluelinx Corporation (Fort Worth, TX)",6,1.8333333333333333,32.10733869210663
"Austell Forest Products Inc (Gordo, AL)",27,4.518518518518518,16.48895171076522
"Alabama Pallets (Birmingham, AL)",3,1.6666666666666667,14.666666666666666
"Steely Lumber (Huntsville, TX)",1,1.0,11.764705882352942
"Louisiana - Pacific Corp. (Carthage, TX)",1,5.0,9.895833333333334
,2409,3.029472810294728,9.846149010515546
"Canfor Southern Pine (Graham, NC)",1,2.0,8.360655737704919
"Rutland Lumber Company, Inc. (Collins, MS)",1,4.0,7.7272727272727275
"Davie Ashley Sawmill, LLC (Elora, TN)",2,5.0,7.486891842458237
"Jordan Lumber & Supply, Inc (Mt. Gilead, NC)",1,3.0,7.421875
"Hopkins Lumber Contractors, Inc (Ridgeway, VA)",1,0.0,7.184615384615385
"Stella-Jones Corp (Livingston, TX)",7,2.857142857142857,6.75090627712717
"Interfor US, Inc (Thomaston, GA)",1,1.0,6.666666666666667
"Valley Timber Inc (Fort Payne, AL)",18,2.5,6.594104308390022
"National Salvage & Service Corporation (Vanderbilt, TX)",1,5.0,6.589147286821706
"Interfor US, Inc (Eatonton, GA)",1,6.0,6.358381502890174
"WoodPerfect (Boaz, AL)",5,3.6,6.340000000000001
"Hankins, Inc. (Memphis, TN)",2,3.5,6.101190476190476
"Homan Forest Products Corporate, Inc (Fulton, MS)",98,4.785714285714286,6.060917711484553
"Carthage Hardwoods, LLC (Carthage, TX)",1,4.0,5.915754716981133
"West Fraser Mills Ltd. (Opelika, AL)",6,5.5,5.874807098765433
"Doman Lumber (Hattiesburg, MS)",2,0.0,5.815714285714286
"Georgia-Pacfic Corp (Talladega, AL)",56,2.75,5.8016966791992255
"Interfor US, Inc (Perry, GA)",7,1.5714285714285714,5.6787762258882495
"Georgia-Pacific Corp. (Rome, GA)",20,3.05,5.634677550456528
"West Fraser Mills Ltd. (Maplesville, AL)",5,5.0,5.628565736598249
"West Fraser Mills Ltd (Augusta, GA)",1,6.0,5.597014925373134
"Randy Miller Lumber Co, Inc (Wilkesboro, NC)",1,2.0,5.597014925373134
"Idaho Timber (Fort Worth, TX)",1,1.0,5.56390977443609
"Joseph Swartzentruber (Salem, AR)",2,7.0,5.563063063063063
"Georgia-Pacific Corp (Albany, GA)",3,2.3333333333333335,5.325785982540572
"Norbord Industries Inc. (Kinards, SC)",4,1.25,5.281999253028258
"Mission Forest Products, LP (Corinth, MS)",162,4.820987654320987,5.2725922094715445
"Jasper Lumber Co, Inc (Jasper, AL)",6,2.3333333333333335,5.255349164431063
"Resolute FP US, Inc (Glenwood, AR)",3,6.0,5.215743711349793
"Norbord Industries Inc. (Cordele, GA)",1,1.0,5.188679245283019
"B & B Log & Lumber Co, Inc. (Atoka, OK)",13,1.8461538461538463,5.154002395514699
"West Fraser Timber Co, Ltd - 57 (Lanett, AL)",8,4.375,5.148006083678324
"Magnolia Forest Products (Carrollton, GA)",10,6.3,5.133220375514897
"West Fraser Mills Ltd (Fairfax, SC)",3,6.0,5.091223298770469
"Interfor US, Inc (Dequincy, LA)",6,2.0,4.999691748501831
"Interfor US, Inc (Swainsboro, GA)",10,1.6,4.989862899875363
"Fred Netterville Lumber Co (Woodville, MS)",3,1.0,4.8748447863351405
"Grayson Lumber Corporation (Grayson, AL)",1,1.0,4.871794871794871
"Georgia-Pacific Corp. (Camden, TX)",33,3.272727272727273,4.871518632144335
"Georgia-Pacific Corp. (Dudley, NC)",2,5.5,4.817415730337078
"Interfor US, Inc (Baxley, GA)",3,1.6666666666666667,4.813362381989833
"WoodPerfect (Albertville, AL)",6,4.5,4.8123649219662274
"Lone Star Packaging Solutions (Ennis, TX)",19,4.2105263157894735,4.801322057435537
"Georgia-Pacific Corp. (Diboll, TX)",96,2.9895833333333335,4.789170769495516
"Cal-Tex Lumber Co. (Nacogdoches, TX)",7,3.857142857142857,4.780908306391397
"KyKenKee, Inc (Vance, AL)",9,2.6666666666666665,4.778821132336493
"MK Hardwoods, LLC (Middlefield, OH)",2,2.5,4.76003699643738
"Mountain Timber, Inc (Hector, AR)",6,3.0,4.722581018518518
"Georgia-Pacific Corp. (Pineland, TX)",236,2.7796610169491527,4.70767260608432
"West Fraser Mills Ltd. (Newberry, SC)",4,9.5,4.700460829493087
"Interfor US, Inc (Preston, GA)",8,2.25,4.669049757672675
"Wesley Hostetler (Emden, MO)",1,2.0,4.651162790697675
"Langdale Forest Products Co (Barnesville, GA)",3,1.3333333333333333,4.592680759174895
"Hardy Technologies, LLC (Lumberton, MS)",2,5.0,4.580518018018018
"G & S Lumber (Nacogdoches, TX)",18,2.8333333333333335,4.5486936084727425
"Weyerhaeuser NR Company (Zwolle, LA)",5,3.4,4.513394948332698
"Trimjoist Corporation (Columbus, MS)",5,3.6,4.496641411655475
"Westervelt Lumber Division (Moundville, AL)",123,4.203252032520325,4.478969029914279
"Park Falls Hardwood (Park Falls, WI)",1,3.0,4.477611940298507
"Rogers Lumber Company (Camden, AR)",1,14.0,4.421768707482993
"Leesville Lumber (Leesville, LA)",1,5.0,4.415584415584416
"West Fraser Mills Ltd (Dudley, GA)",1,9.0,4.413043478260869
"McVantage Packaging, LLC (Tuscumbia, AL)",88,3.4318181818181817,4.387654649682545
"Battle Lumber Company, Inc (Wadley, GA)",6,2.0,4.367088607594936
"Boise Cascade, LLC (Thorsby, AL)",19,3.3684210526315788,4.3333929126058734
"Potlatch Land & Lumber, LLC (Waldo, AR)",12,4.166666666666667,4.298173744904599
"Weyerhaeuser NR Company (Millport, AL)",183,4.508196721311475,4.270934313114949
"Weyerhaeuser NR Company (Bruce, MS)",174,5.408045977011494,4.1992930145174086
"Cal-Tex Lumber Co. (Pollok, TX)",19,2.736842105263158,4.192449750656013
"Canfor Southern Pine (Deridder, LA)",11,4.181818181818182,4.191448607497387
"Interfor US, Inc (Belk, AL)",14,3.857142857142857,4.077151708010631
"Magnolia Forest Products (Lewisville, AR)",10,6.3,4.002004152479624
"Lufkin Distrib & Supply, Inc DBA Neches Lumber Co (Nacogdoches, TX)",7,2.7142857142857144,3.9943775659553213
"Chickasaw Lumber Company, LLC (Navasota, TX)",5,3.4,3.9895995110426767
"Weyerhaeuser NR Company (Dodson, LA)",115,6.556521739130435,3.9778919914331534
"Boise Cascade, LLC (Oakdale, LA)",9,2.2222222222222223,3.939612991216392
"Boise Cascade, LLC (Florien, LA)",78,2.8333333333333335,3.9254309402374736
"Wood Tie (Idabel, OK)",2,1.5,3.9170506912442398
"West Fraser Mills Ltd (Joyce, LA)",13,4.076923076923077,3.9121677213814037
"Doman Lumber - Winnfield (Winnfield, LA)",1,1.0,3.911764705882353
"Canfor Southern Pine (Strong, AR)",4,2.75,3.8866500338441385
"Doman Lumber (Caddo Mills, TX)",3,4.666666666666667,3.8833333333333333
"Georgia-Pacific Corp. (Warrenton, GA)",10,4.3,3.8820792069624175
"Weyerhaeuser NR Company (Dierks, AR)",299,4.8561872909699,3.8813128109108033
"Mid South Lumber, Inc (Meridian, MS)",62,2.9193548387096775,3.8641211781226734
"West Fraser Mills Ltd. (Henderson, TX)",4,5.0,3.8598102808293655
"Pallets Ready, LLC (Summertown, TN)",9,5.333333333333333,3.857008970260792
"Southeastern Timber Products, LLC (Ackerman, MS)",116,4.431034482758621,3.854706327105081
"Weyerhaeuser NR Company (Idabel, OK)",119,4.8655462184873945,3.845391550461858
"Weyerhaeuser NR Company (Philadelphia, MS)",211,5.829383886255924,3.8399168854769896
"Industria de Compensados Sudati LTDA (Houston, TX)",4,4.5,3.833333333333333
"Georgia-Pacific Corp. (Corrigan, TX)",2,3.0,3.8212416660692523
"Two Rivers Lumber Company, LLC (Demopolis, AL)",2,3.0,3.8095238095238093
"Industrial and Wholesale Lumber, Inc (Schiller Park, IL)",7,2.0,3.787816309289134
"Georgia-Pacific Corp. (Gurdon, AR)",134,2.6791044776119404,3.7712627257883233
"Canfor Southern Pine (El Dorado, AR)",13,4.461538461538462,3.758303635540386
"Bienville Lumber Company, LLC (Taylor, LA)",396,4.088383838383838,3.7512456098163525
"Georgia-Pacific Corp (Madison, GA)",1,1.0,3.742138364779874
"Industrial and Wholesale Lumber, Inc (Wood Dale, IL)",1,1.0,3.7313432835820897
"Southeast Forest Products Mfg, Inc (Louisville, AL)",36,3.5,3.720873172936977
"King Lumber - Lincoln Lumber Miss. LLC DBA (Forest, MS)",3,7.0,3.7176777710621884
"T R Miller Co, Inc. (Brewton, AL)",1,4.0,3.7151702786377707
"Jack Batte and Sons, Inc. (Forest, MS)",48,4.375,3.7102852129518094
"Westervelt Lumber Division (Thomasville, AL)",24,5.458333333333333,3.694735020011126
"Red Mountain Hardwoods LLC (Atlanta, TX)",16,2.75,3.693576018963838
"Idaho Forest Group, LLC (Moyie Springs, ID)",2,4.0,3.675925925925926
"Carthage Forest Products, LLC (Carthage, AR)",13,9.307692307692308,3.67481545936952
"Coushatta Forest Products, LLC (Coushatta, LA)",24,3.4166666666666665,3.6736141394956245
"Hood Industries, Inc (Waynesboro, MS)",29,2.1724137931034484,3.667778650136662
"West Fraser Mills Ltd (New Boston, TX)",14,3.4285714285714284,3.6359381875205563
"Larry Conway Sawmill, Inc. (Steelville, MO)",1,3.0,3.6253776435045317
"Eastex Forest Products (Houston, TX)",8,1.625,3.62234679260125
"K&R Sawmill (Viola, AR)",53,3.1320754716981134,3.620031390926908
"Church & Church Lumber Company, LLC (Wilkesboro, NC)",3,3.3333333333333335,3.599374021909233
"Canfor Southern Pine (Fulton, AL)",8,1.0,3.570491175573101
"Meadwestvaco Corporation (Cottonton, AL)",20,3.25,3.5704467537277615
"Interfor US, Inc (Bay Springs, MS)",32,3.0625,3.565014997354722
"Southern Lumber Company, Inc. (Hermanville, MS)",15,3.6666666666666665,3.55262846998773
"CLW, Inc. (Splendora, TX)",3,4.333333333333333,3.552123552123552
"Hood Industries, Inc. (Wiggins, MS)",1,5.0,3.5437881873727086
"Hoover Treated Wood Products, Inc (Pine Bluff, AR)",1,1.0,3.5426731078904994
"Georgia-Pacific Corp. (Taylorsville, MS)",23,2.5217391304347827,3.50949590866603
"Vicksburg Forest Products, LLC (Vicksburg, MS)",134,4.104477611940299,3.508485880472688
"Harrigan Lumber Company, Inc. (Monroeville, AL)",33,7.7272727272727275,3.5081206946415313
"Hatfield Lumber Co (Hatfield, AR)",3,5.0,3.497866389357048
"HLS Hostetler Logging Sawmill (Warm Springs, AR)",23,3.8260869565217392,3.4977845003183314
"West Fraser Mills Ltd. (Russellville, AR)",16,3.3125,3.4916268586317427
"JHT Robertson Lumber, Inc (Fairfield, IL)",7,3.5714285714285716,3.4849638680813935
"Stella-Jones Corp (Goshen, VA)",3,2.6666666666666665,3.475255930087391
"Weyerhaeuser NR Company (Magnolia, MS)",196,5.051020408163265,3.4684252462104643
"Victor Kropf (Pocahontas, AR)",16,2.4375,3.463161852106061
"Gloster Forest Products (Gloster, MS)",202,3.232673267326733,3.455550039515947
"LaSalle Lumber Company, LLC (Olla, LA)",288,5.850694444444445,3.45064208177523
"Canfor Southern Pine (Camden, SC)",1,2.0,3.4482758620689653
"Hankins Lumber Company, Inc (Grenada, MS)",4,7.25,3.4467315807983123
"Lincoln Lumber Co, Inc (Brookhaven, MS)",3,2.0,3.442495126705653
"Hood Industries, Inc. (Silver Creek, MS)",25,3.12,3.4386989986221383
"Beasley Forest Prod - Yawn (Hazlehurst, GA)",8,2.375,3.431264732722964
"Littrell Lumber Mill, Inc (Decatur, AL)",5,2.2,3.430930303189078
"National Salvage & Service Corporation (Deridder, LA)",1,11.0,3.4111310592459607
"Rex Lumber Troy, LLC (Troy, AL)",20,4.5,3.405249502004298
"Canfor Southern Pine (Bucks, AL)",10,4.3,3.395022384462969
"Potlatch Land & Lumber, LLC (Warren, AR)",11,5.181818181818182,3.3779267949814793
"Charles Ingram (Effingham, SC)",11,4.090909090909091,3.35711015646439
"Martin Kropf (Viola, AR)",25,3.12,3.3494782381052897
"Martco Limited Partnership - Plywood Div (Chopin, LA)",94,3.5638297872340425,3.3420143923448036
"Johnson Lumber Co, Inc (Spavinaw, OK)",7,3.5714285714285716,3.3408812363614624
"Doman Lumber (Magnolia, AR)",9,4.0,3.3380114561909537
"Anthony Timberlands, Inc (Malvern, AR)",15,5.333333333333333,3.3314387230100215
"Pinecrest Lbr / Green Bay Packaging (Plumerville, AR)",68,2.7941176470588234,3.33008083140073
"Triple E Trucking (Colfax, LA)",2,7.5,3.327402135231317
"Hunt Forest Products, LLC (Pollock, LA)",5,4.2,3.3226043971709003
"Yoder Hardwood (Verona, MO)",24,2.6666666666666665,3.3210601120618386
"Josiah Christner (Carrsville, KY)",11,2.5454545454545454,3.294444818603722
"Potlatch Land & Lumber, LLC (Ola, AR)",4,4.75,3.2832046688325165
"Doman Lumber (Russellville, AR)",17,4.117647058823529,3.2820497193184943
"Interfor US, Inc (Monticello, AR)",9,3.5555555555555554,3.280149094876259
"Anthony Timberlands, Inc (Bearden, AR)",30,5.333333333333333,3.275967588773987
"Georgia-Pacific Corp. (Mexia, AL)",39,3.769230769230769,3.272218531359563
"Snider Industries, LLP (Marshall, TX)",9,2.4444444444444446,3.258774666819101
"Great Southern Wood Preserving (Abbeville, AL)",29,3.8620689655172415,3.2190591923589666
"Warren Timbers Company, LLC (Warren, AR)",50,4.36,3.218669997499246
"Flowers Timber Company, Inc (Seven Springs, NC)",6,1.0,3.174706085753804
"West Fraser Mills Ltd. (Mc David, FL)",1,1.0,3.156498673740053
"RB Lumber Co, LLC dba DS Smith Riceboro Lumber (Riceboro, GA)",31,2.5161290322580645,3.1544105962741056
"Boise Cascade, LLC (Chapman, AL)",7,1.8571428571428572,3.1471062759648887
"Boise Cascade, LLC (Dallas, TX)",4,5.0,3.1334412605766437
"Weyerhaeuser NR Company (Holden, LA)",144,2.8958333333333335,3.100448534799895
"Dewey Hostetler (Salem, KY)",4,2.0,3.094093890664251
"Doman Lumber (Rison, AR)",2,7.5,3.073305597041462
"Hood Industries, Inc. (Bogalusa, LA)",104,2.4903846153846154,3.0412614117079118
"Georgia-Pacific Corp. (Fordyce, AR)",5,4.2,2.9984672283360503
"Vernon Kropf (Pocahontas, AR)",1,1.0,2.998065764023211
"International Forest Products (New Orleans, LA)",5,5.4,2.996515679442509
"Mark Twain Forest Products (Centerville, MO)",6,9.333333333333334,2.9863433667781494
"Clays Pallet Mill Inc (Pocahontas, AR)",5,1.2,2.9593810444874276
"Frizzell Sawmill (Salem, MO)",4,3.25,2.958106189634803
"D B Hostetler Sawmill (Warm Springs, AR)",5,4.4,2.9512976226431378
"Brand Wood Products, LLC (Steelville, MO)",1,1.0,2.936630602782071
"Brazos Forest Products, LP (Houston, TX)",2,2.0,2.9044117647058822
"Binderholz Timber, LLC (New Orleans, LA)",5,4.4,2.888086642599278
"Rex Lumber-Brookhaven (Brookhaven, MS)",7,9.428571428571429,2.8859070957876662
"M C Dixon Lumber Co, Inc (Eufaula, AL)",1,13.0,2.847571189279732
"Atlee E Hershberger (Summersville, MO)",17,3.3529411764705883,2.84650882210752
"Central Missouri Forest Products, LLC (New Bloomfield, MO)",1,1.0,2.843601895734597
"G K Sawmill, LLC (Halfway, MO)",14,4.071428571428571,2.842874513078763
"West Fraser Mills Ltd (Leola, AR)",2,2.0,2.8026599699008177
"Prater Hardwood Products Inc (Wyandotte, OK)",1,4.0,2.8
"Show-Me Hardwoods & Geenhouse (Exeter, MO)",8,2.375,2.797651139025551
"Griffin Lumber Company, Inc. (Cordele, GA)",11,3.272727272727273,2.7973700513114044
"West Fraser Mills Ltd. (Mansfield, AR)",36,2.8333333333333335,2.7751560267685003
"Georgia-Pacific Corp. (Prosperity, SC)",2,2.0,2.772177419354839
"FG Sawmill (Tahlequah, OK)",15,3.6666666666666665,2.7579160046767135
"Boise Cascade, LLC (Havana, FL)",3,3.3333333333333335,2.7276897452071243
"Corrigan OSB LLC (Corrigan, TX)",1,6.0,2.7182866556836904
"McShan Lumber Company, Inc. (Mc Shan, AL)",3,3.3333333333333335,2.6925148088314486
"Dupont Pine Products, LLC (Alapaha, GA)",38,3.0,2.6564969209459632
"Jadwin Lumber Company, LLC (Salem, MO)",48,4.0625,2.6546003149845454
"Dixie Plywood And Lumber Co (Garland, TX)",1,1.0,2.6422764227642275
"Biewer Lumber (Winona, MS)",3,1.3333333333333333,2.641203703703704
"Industria de Compensados Sudati LTDA (Corpus Christi, TX)",1,4.0,2.619047619047619
"Burkholder's Wood Products, LLC (Verona, MO)",9,2.0,2.5814022261819733
"National Salvage & Service Corporation (Hondo, TX)",1,1.0,2.542319749216301
"Pollard Lumber Co, Inc (Appling, GA)",1,0.0,2.442528735632184
"CMFP Eldon LLC (Eldon, MO)",7,2.2857142857142856,2.2964190556779287
"Doman Lumber (Plumerville, AR)",1,4.0,2.2600000000000002
"Ball Lumber Company Inc. (Millers Tavern, VA)",66,2.696969696969697,2.2035151515151523
"Spanish Trails Lumber Company (Marianna, FL)",1,1.0,2.1621621621621623
"S & S Lumber L.C. (Half Way, MO)",1,1.0,1.9128113879003559
"Doman Lumber (Gilmer, TX)",4,3.0,
