Mill,AvgDaysOnReadyList,PctShippedToCustomers,PctShippedToPlants,AvgGrossMargin_Customers,AvgGrossMarginPct_Customers,TotalLoads
"Alabama Pallets (Birmingham, AL)",5.666666666666667,100.0,0.0,-305.74333333333334,-5.047320156695156,3
"Anthony Timberlands, Inc (Bearden, AR)",10.6,73.33333333333333,26.66666666666667,429.4192272727271,5.495923851149732,30
"Anthony Timberlands, Inc (Malvern, AR)",10.533333333333333,53.333333333333336,46.666666666666664,1033.57046575,11.189731701207636,15
"Atlee E Hershberger (Summersville, MO)",5.823529411764706,100.0,0.0,1876.3041129411765,21.602340974611,17
"Austell Forest Products Inc (Gordo, AL)",6.888888888888889,100.0,0.0,865.5113109344717,6.787008557838323,27
"B & B Log & Lumber Co, Inc. (Atoka, OK)",3.3846153846153846,100.0,0.0,2298.267691666258,26.106372570658262,13
"Ball Lumber Company Inc. (Millers Tavern, VA)",3.6818181818181817,100.0,0.0,1182.6509090909087,8.997986362411442,66
"Battle Lumber Company, Inc (Wadley, GA)",3.1666666666666665,100.0,0.0,1399.6054474181917,14.294499966761189,6
"Beasley Forest Prod - Yawn (Hazlehurst, GA)",5.5,87.5,12.5,494.3971428571429,5.205112100049531,8
"Bienville Lumber Company, LLC (Taylor, LA)",8.618686868686869,96.46464646464646,3.5353535353535364,809.1784761503988,8.411651421515998,396
"Biewer Lumber (Winona, MS)",5.0,100.0,0.0,402.38227333333293,4.035825277709237,3
"Binderholz Timber, LLC (New Orleans, LA)",5.0,100.0,0.0,674.7179999999995,6.788781218820324,5
"Bluelinx Corporation (Fort Worth, TX)",2.0,100.0,0.0,922.5568262204448,30.040958973849456,6
"Boise Cascade, LLC (Chapman, AL)",4.142857142857143,100.0,0.0,1163.392857142857,21.073891728889944,7
"Boise Cascade, LLC (Dallas, TX)",5.25,100.0,0.0,2229.61,35.37069273536967,4
"Boise Cascade, LLC (Florien, LA)",5.769230769230769,85.8974358974359,14.102564102564102,986.3489552238807,21.699008012285994,78
"Boise Cascade, LLC (Havana, FL)",1.0,100.0,0.0,1832.72,30.0005449738466,3
"Boise Cascade, LLC (Oakdale, LA)",7.777777777777778,77.77777777777779,22.222222222222214,1208.5428571428572,26.105086374249943,9
"Boise Cascade, LLC (Thorsby, AL)",6.052631578947368,84.21052631578947,15.789473684210535,1267.90875,23.364224668590985,19
"Brand Wood Products, LLC (Steelville, MO)",1.0,100.0,0.0,1089.932688,12.178563153660498,1
"Brazos Forest Products, LP (Houston, TX)",2.0,100.0,0.0,375280.5,62.42661374908465,2
"Burkholder's Wood Products, LLC (Verona, MO)",7.111111111111111,100.0,0.0,1896.266666666666,20.990677975640242,9
"CLW, Inc. (Splendora, TX)",4.333333333333333,100.0,0.0,466.9628166666668,8.80721096990654,3
"CMFP Eldon LLC (Eldon, MO)",7.142857142857143,100.0,0.0,1625.3542857142854,17.822173326228764,7
"Cal-Tex Lumber Co. (Nacogdoches, TX)",8.857142857142858,28.57142857142857,71.42857142857143,-526.98120284728,0.08487930461813242,7
"Cal-Tex Lumber Co. (Pollok, TX)",8.157894736842104,84.21052631578947,15.789473684210535,1639.6527624116331,14.836149648073654,19
"Canfor Southern Pine (Bucks, AL)",6.8,100.0,0.0,975.5376610894178,12.469549130197892,10
"Canfor Southern Pine (Camden, SC)",2.0,100.0,0.0,-1175.2800000000013,-14.099930896805915,1
"Canfor Southern Pine (Deridder, LA)",6.909090909090909,90.9090909090909,9.090909090909093,434.06193994239976,4.742341959918857,11
"Canfor Southern Pine (El Dorado, AR)",8.538461538461538,92.3076923076923,7.692307692307693,1012.5097268350114,13.121685147422143,13
"Canfor Southern Pine (Fulton, AL)",8.5,75.0,25.0,618.7348333333331,7.59313002533721,8
"Canfor Southern Pine (Graham, NC)",1.0,100.0,0.0,-1050.5600000000002,-12.603654791154796,1
"Canfor Southern Pine (Strong, AR)",5.0,75.0,25.0,491.6933333333336,4.679160573543144,4
"Carthage Forest Products, LLC (Carthage, AR)",11.384615384615385,100.0,0.0,561.9238461538463,9.99528668707018,13
"Carthage Hardwoods, LLC (Carthage, TX)",4.0,100.0,0.0,211.53399999999988,5.256581847604002,1
"Central Missouri Forest Products, LLC (New Bloomfield, MO)",4.0,100.0,0.0,1451.1999999999996,17.89378156565656,1
"Charles Ingram (Effingham, SC)",4.181818181818182,90.9090909090909,9.090909090909093,2450.7975057999997,18.423156805766283,11
"Chickasaw Lumber Company, LLC (Navasota, TX)",3.8,80.0,20.0,2403.471936180743,16.403883441820994,5
"Church & Church Lumber Company, LLC (Wilkesboro, NC)",0.3333333333333333,100.0,0.0,1924.1161570302513,20.64895633715408,3
"Clays Pallet Mill Inc (Pocahontas, AR)",6.0,100.0,0.0,2049.1199999999994,16.692082111436946,5
"Corrigan OSB LLC (Corrigan, TX)",5.0,100.0,0.0,6009.120000000001,74.6066746126341,1
"Coushatta Forest Products, LLC (Coushatta, LA)",8.666666666666666,62.5,37.5,1170.495807038211,13.014397255199604,24
"D B Hostetler Sawmill (Warm Springs, AR)",12.4,100.0,0.0,1685.8944480000005,20.04717299361338,5
"Davie Ashley Sawmill, LLC (Elora, TN)",0.0,100.0,0.0,581.399516250151,24.37582164685953,2
"Dewey Hostetler (Salem, KY)",6.0,100.0,0.0,1624.0249760000002,18.125776254481686,4
"Dixie Plywood And Lumber Co (Garland, TX)",2.0,100.0,0.0,4894.099999999999,91.86140360756048,1
"Doman Lumber (Caddo Mills, TX)",3.6666666666666665,100.0,0.0,943.0848649999998,8.059682489124828,3
"Doman Lumber (Gilmer, TX)",2.5,100.0,0.0,2422.0217856990703,31.157891115846468,4
"Doman Lumber (Hattiesburg, MS)",0.0,100.0,0.0,1924.9193685889647,12.801583344561443,2
"Doman Lumber (Magnolia, AR)",4.888888888888889,100.0,0.0,1337.07799715667,18.738711690727115,9
"Doman Lumber (Plumerville, AR)",4.0,100.0,0.0,2293.600000000001,38.05920615956459,1
"Doman Lumber (Rison, AR)",8.5,100.0,0.0,751.8050000000006,4.676694644961573,2
"Doman Lumber (Russellville, AR)",4.6875,100.0,0.0,1071.0678174122868,10.396066244703212,17
"Doman Lumber - Winnfield (Winnfield, LA)",2.0,100.0,0.0,894.0000000000003,19.415367241454202,1
"Dupont Pine Products, LLC (Alapaha, GA)",4.657894736842105,100.0,0.0,719.04432712372,6.671208494894617,38
"Eastex Forest Products (Houston, TX)",3.0,100.0,0.0,4440.569138376752,44.876903816091215,8
"FG Sawmill (Tahlequah, OK)",4.533333333333333,100.0,0.0,3907.284319043666,34.616065060276235,15
"Flowers Timber Company, Inc (Seven Springs, NC)",2.1666666666666665,100.0,0.0,1466.7811054999859,18.34890134399339,6
"Fred Netterville Lumber Co (Woodville, MS)",0.3333333333333333,100.0,0.0,1510.5466666666664,17.43510360373105,3
"Frizzell Sawmill (Salem, MO)",6.25,100.0,0.0,2135.4999999999995,23.90883462312208,4
"G & S Lumber (Nacogdoches, TX)",3.3529411764705883,100.0,0.0,1110.8318083861914,18.090621643488273,18
"G K Sawmill, LLC (Halfway, MO)",5.769230769230769,100.0,0.0,2305.5729203651,25.316070462479342,14
"Georgia-Pacfic Corp (Talladega, AL)",4.875,100.0,0.0,462.00949198195855,4.879554294804406,56
"Georgia-Pacific Corp (Albany, GA)",5.0,100.0,0.0,836.6184677557661,10.068153459612505,3
"Georgia-Pacific Corp (Madison, GA)",2.0,100.0,0.0,12217.279999999999,93.80013512683496,1
"Georgia-Pacific Corp. (Camden, TX)",5.151515151515151,96.96969696969697,3.030303030303031,3044.8392235297842,34.77747525960886,33
"Georgia-Pacific Corp. (Corrigan, TX)",7.0,100.0,0.0,-1242.56,0.0,2
"Georgia-Pacific Corp. (Diboll, TX)",5.125,94.79166666666666,5.208333333333343,731.334441536459,7.786027267425004,96
"Georgia-Pacific Corp. (Dudley, NC)",5.5,100.0,0.0,-267.43999999999994,-3.3230475367024273,2
"Georgia-Pacific Corp. (Fordyce, AR)",5.6,100.0,0.0,4384.4439999999995,50.83953212562095,5
"Georgia-Pacific Corp. (Gurdon, AR)",4.634328358208955,98.50746268656717,1.492537313432834,1120.44430598772,10.119577780824587,134
"Georgia-Pacific Corp. (Mexia, AL)",4.666666666666667,100.0,0.0,779.0919352768049,6.588885889835104,39
"Georgia-Pacific Corp. (Pineland, TX)",4.860169491525424,99.15254237288136,0.8474576271186436,780.6065518542299,9.20955438350995,236
"Georgia-Pacific Corp. (Prosperity, SC)",2.5,100.0,0.0,2004.2457861731946,15.017032079049738,2
"Georgia-Pacific Corp. (Rome, GA)",4.7,100.0,0.0,980.6759747576631,8.482421541128664,20
"Georgia-Pacific Corp. (Taylorsville, MS)",4.260869565217392,100.0,0.0,2629.50626031591,19.606032813986396,23
"Georgia-Pacific Corp. (Warrenton, GA)",4.6,100.0,0.0,428.17610696763006,4.329603615846627,10
"Gloster Forest Products (Gloster, MS)",9.217821782178218,76.23762376237624,23.762376237623755,425.24318580602215,5.095157454294769,202
"Grayson Lumber Corporation (Grayson, AL)",5.0,100.0,0.0,938.399999999999,9.023076923076912,1
"Great Southern Wood Preserving (Abbeville, AL)",5.379310344827586,93.10344827586206,6.896551724137936,766.6793729135087,8.134931916843449,29
"Griffin Lumber Company, Inc. (Cordele, GA)",4.363636363636363,45.45454545454545,54.54545454545455,1987.5940000000003,20.7629994190726,11
"HLS Hostetler Logging Sawmill (Warm Springs, AR)",6.043478260869565,100.0,0.0,1398.390736695652,15.562831275123486,23
"Hankins Lumber Company, Inc (Grenada, MS)",10.25,50.0,50.0,107.70000000000118,0.9372389306599935,4
"Hankins, Inc. (Memphis, TN)",3.5,100.0,0.0,774.6999999999991,7.1825722549807836,2
"Hardy Technologies, LLC (Lumberton, MS)",6.5,100.0,0.0,1063.8967010568745,10.08776478808085,2
"Harrigan Lumber Company, Inc. (Monroeville, AL)",10.454545454545455,87.87878787878788,12.121212121212125,664.2659655172412,5.937419162210362,33
"Hatfield Lumber Co (Hatfield, AR)",5.0,33.33333333333333,66.66666666666667,683.5086319999992,14.239985666442692,3
"Homan Forest Products Corporate, Inc (Fulton, MS)",5.875,100.0,0.0,992.4758351020407,7.72149827645897,98
"Hood Industries, Inc (Waynesboro, MS)",5.517241379310345,65.51724137931035,34.48275862068965,389.91323046562195,5.4968914630730525,29
"Hood Industries, Inc. (Bogalusa, LA)",5.836538461538462,91.34615384615384,8.65384615384616,739.3994340685654,8.756244763066032,104
"Hood Industries, Inc. (Silver Creek, MS)",6.2,96.0,4.0,962.3465531193951,10.016809848570984,25
"Hood Industries, Inc. (Wiggins, MS)",8.0,100.0,0.0,8361.2,79.39456092373139,1
"Hoover Treated Wood Products, Inc (Pine Bluff, AR)",1.0,100.0,0.0,35136.733573853875,83.28990018408578,1
"Hopkins Lumber Contractors, Inc (Ridgeway, VA)",3.0,100.0,0.0,889.82,10.805343047966,1
"Hunt Forest Products, LLC (Pollock, LA)",5.6,100.0,0.0,3600.8359999999993,35.67830101506435,5
"Idaho Forest Group, LLC (Moyie Springs, ID)",4.5,100.0,0.0,982.9374999999995,7.120734236249276,2
"Idaho Timber (Fort Worth, TX)",1.0,100.0,0.0,4105.879999999998,30.228524310156953,1
"Industria de Compensados Sudati LTDA (Corpus Christi, TX)",0.0,100.0,0.0,13131.0,91.54988496130517,1
"Industria de Compensados Sudati LTDA (Houston, TX)",0.0,100.0,0.0,14127.0,92.70281725234408,4
"Industrial and Wholesale Lumber, Inc (Schiller Park, IL)",3.142857142857143,100.0,0.0,2216.0341651428566,12.643062788407791,7
"Industrial and Wholesale Lumber, Inc (Wood Dale, IL)",11.0,100.0,0.0,614.8800000000017,3.29531812725091,1
"Interfor US, Inc (Baxley, GA)",4.333333333333333,100.0,0.0,828.4237496666661,10.46156264992434,3
"Interfor US, Inc (Bay Springs, MS)",12.875,96.875,3.125,76.45553200613307,2.312236377683333,32
"Interfor US, Inc (Belk, AL)",8.142857142857142,100.0,0.0,1424.8329674282297,13.542428655269601,14
"Interfor US, Inc (Dequincy, LA)",3.1666666666666665,100.0,0.0,717.4677923333333,7.60998461792956,6
"Interfor US, Inc (Eatonton, GA)",6.0,100.0,0.0,617.5858589999993,5.071492427569443,1
"Interfor US, Inc (Monticello, AR)",8.666666666666666,100.0,0.0,1347.64449283049,8.64262925128606,9
"Interfor US, Inc (Perry, GA)",6.285714285714286,85.71428571428571,14.285714285714292,1031.8500034999995,12.53593790914786,7
"Interfor US, Inc (Preston, GA)",7.75,100.0,0.0,995.6223214999998,10.4435231384441,8
"Interfor US, Inc (Swainsboro, GA)",7.0,100.0,0.0,864.5340915527937,10.099350916846142,10
"Interfor US, Inc (Thomaston, GA)",1.0,100.0,0.0,1102.24,12.386723245109321,1
"International Forest Products (New Orleans, LA)",7.2,100.0,0.0,4941.816,26.02318486362296,5
"JHT Robertson Lumber, Inc (Fairfield, IL)",1.0,100.0,0.0,4696.460090408604,25.459854305520082,7
"Jack Batte and Sons, Inc. (Forest, MS)",8.458333333333334,66.66666666666666,33.33333333333334,646.246,5.1093308617006805,48
"Jadwin Lumber Company, LLC (Salem, MO)",5.108695652173913,100.0,0.0,1803.669254516152,19.42780120710769,48
"Jasper Lumber Co, Inc (Jasper, AL)",7.833333333333333,83.33333333333334,16.666666666666657,831.6016189832253,7.935245093153848,6
"Johnson Lumber Co, Inc (Spavinaw, OK)",5.714285714285714,100.0,0.0,3101.515945940217,25.90219837240029,7
"Jordan Lumber & Supply, Inc (Mt. Gilead, NC)",3.0,100.0,0.0,1262.4800000000002,24.682494994995,1
"Joseph Swartzentruber (Salem, AR)",3.0,100.0,0.0,1635.8404639999992,20.229027983758115,2
"Josiah Christner (Carrsville, KY)",5.2727272727272725,100.0,0.0,1933.2290909090907,21.471355344714556,11
"K&R Sawmill (Viola, AR)",8.924528301886792,100.0,0.0,1360.0891389492808,16.44036643132628,53
"King Lumber - Lincoln Lumber Miss. LLC DBA (Forest, MS)",7.333333333333333,100.0,0.0,537.740577074279,3.8081989100679223,3
"KyKenKee, Inc (Vance, AL)",4.555555555555555,88.88888888888889,11.111111111111114,1617.257707525692,13.313356261039527,9
"LaSalle Lumber Company, LLC (Olla, LA)",10.25,97.56944444444444,2.430555555555557,749.7628433536747,8.150881841661429,288
"Langdale Forest Products Co (Barnesville, GA)",3.3333333333333335,66.66666666666666,33.33333333333334,337.35999999999973,4.078964077654488,3
"Larry Conway Sawmill, Inc. (Steelville, MO)",3.0,100.0,0.0,738.4000000000011,8.913224018386554,1
"Leesville Lumber (Leesville, LA)",5.0,100.0,0.0,376.22053000000005,5.295397675050355,1
"Lincoln Lumber Co, Inc (Brookhaven, MS)",1.6666666666666667,100.0,0.0,2027.6581818509196,12.86951362641872,3
"Littrell Lumber Mill, Inc (Decatur, AL)",2.2,100.0,0.0,1327.4646559999999,15.07856697462314,5
"Lone Star Packaging Solutions (Ennis, TX)",2.3157894736842106,94.73684210526315,5.26315789473685,3111.144079673768,31.17732707184495,19
"Louisiana - Pacific Corp. (Carthage, TX)",0.0,100.0,0.0,14741.78,95.43866055000731,1
"Lufkin Distrib & Supply, Inc DBA Neches Lumber Co (Nacogdoches, TX)",4.142857142857143,100.0,0.0,1650.9868820565819,16.887548697302798,7
"M C Dixon Lumber Co, Inc (Eufaula, AL)",13.0,100.0,0.0,2180.9013896089414,17.373199356257622,1
"MK Hardwoods, LLC (Middlefield, OH)",3.0,100.0,0.0,2017.7703431733607,20.52187151380152,2
"Magnolia Forest Products (Carrollton, GA)",5.7,100.0,0.0,4988.097254044793,24.22393207677471,10
"Magnolia Forest Products (Lewisville, AR)",6.1,100.0,0.0,1142.6819890555796,13.57222754936421,10
"Mark Twain Forest Products (Centerville, MO)",7.833333333333333,100.0,0.0,1730.5833333333337,13.85137573653199,6
"Martco Limited Partnership - Plywood Div (Chopin, LA)",10.095744680851064,35.1063829787234,64.8936170212766,1922.2039530239376,18.464761257450675,94
"Martin Kropf (Viola, AR)",5.64,92.0,8.0,1962.0759354319657,21.541756276374297,25
"McShan Lumber Company, Inc. (Mc Shan, AL)",3.3333333333333335,100.0,0.0,1669.9199999999998,25.276339574644776,3
"McVantage Packaging, LLC (Tuscumbia, AL)",3.1379310344827585,100.0,0.0,1796.5020451811956,17.002780650515977,88
"Meadwestvaco Corporation (Cottonton, AL)",6.2,75.0,25.0,1132.4214186666666,11.263170544774347,20
"Mid South Lumber, Inc (Meridian, MS)",12.35483870967742,79.03225806451613,20.967741935483872,705.7344811547008,7.088294673059487,62
"Mission Forest Products, LP (Corinth, MS)",8.580246913580247,95.67901234567901,4.320987654320987,997.4062394720307,11.573450074151562,162
"Mountain Timber, Inc (Hector, AR)",7.5,100.0,0.0,370.2133333333336,6.794371102635174,6
"National Salvage & Service Corporation (Deridder, LA)",12.0,100.0,0.0,1295.3007843137254,24.031829199338116,1
"National Salvage & Service Corporation (Hondo, TX)",2.0,100.0,0.0,245.24000000000018,10.886008522727279,1
"National Salvage & Service Corporation (Vanderbilt, TX)",6.0,100.0,0.0,1190.88,29.074218750000004,1
"Norbord Industries Inc. (Cordele, GA)",1.0,100.0,0.0,10862.08,93.5225237636038,1
"Norbord Industries Inc. (Kinards, SC)",2.5,100.0,0.0,5886.9800000000005,60.483145453991426,4
"Pallets Ready, LLC (Summertown, TN)",10.0,100.0,0.0,2893.509790952027,30.281059888693505,9
"Park Falls Hardwood (Park Falls, WI)",4.0,100.0,0.0,211.99874000157524,2.944430625000003,1
"Pinecrest Lbr / Green Bay Packaging (Plumerville, AR)",8.985294117647058,57.35294117647059,42.64705882352941,1234.3346938950976,9.932447680890164,68
"Pollard Lumber Co, Inc (Appling, GA)",0.0,100.0,0.0,973.9000000000015,10.154946613279959,1
"Potlatch Land & Lumber, LLC (Ola, AR)",8.75,75.0,25.0,1095.6266666666672,11.777934732537517,4
"Potlatch Land & Lumber, LLC (Waldo, AR)",8.25,91.66666666666666,8.333333333333343,847.9618702706813,9.01565786522582,12
"Potlatch Land & Lumber, LLC (Warren, AR)",10.181818181818182,100.0,0.0,796.797638,8.158659656386499,11
"Prater Hardwood Products Inc (Wyandotte, OK)",4.0,100.0,0.0,-778.6892721098204,-7.136369319922073,1
"RB Lumber Co, LLC dba DS Smith Riceboro Lumber (Riceboro, GA)",2.4516129032258065,100.0,0.0,495.47806451612865,4.04865877981007,31
"Randy Miller Lumber Co, Inc (Wilkesboro, NC)",2.0,100.0,0.0,1088.5699999999993,14.824292027263494,1
"Red Mountain Hardwoods LLC (Atlanta, TX)",3.875,100.0,0.0,522.667500944118,8.665132184703962,16
"Resolute FP US, Inc (Glenwood, AR)",8.0,100.0,0.0,1907.3183333333334,17.177229486652347,3
"Rex Lumber Troy, LLC (Troy, AL)",5.8,85.0,15.0,698.3990912386112,5.315682033507808,20
"Rex Lumber-Brookhaven (Brookhaven, MS)",12.0,85.71428571428571,14.285714285714292,576.2082785725919,5.925004035666723,7
"Rogers Lumber Company (Camden, AR)",20.0,100.0,0.0,253.30000000000047,3.2574588477366313,1
"Rutland Lumber Company, Inc. (Collins, MS)",0.0,100.0,0.0,817.77,11.711456252282442,1
"S & S Lumber L.C. (Half Way, MO)",11.0,0.0,100.0,,,1
"Show-Me Hardwoods & Geenhouse (Exeter, MO)",7.75,100.0,0.0,2181.32875,23.73869908392791,8
"Snider Industries, LLP (Marshall, TX)",2.888888888888889,100.0,0.0,2342.6973399716608,14.075473809079634,9
"Southeast Forest Products Mfg, Inc (Louisville, AL)",6.222222222222222,97.22222222222221,2.7777777777777857,470.8590017510496,7.486849190056258,36
"Southeastern Timber Products, LLC (Ackerman, MS)",9.827586206896552,87.93103448275862,12.06896551724138,1256.193732327356,13.271481319191787,116
"Southern Lumber Company, Inc. (Hermanville, MS)",10.466666666666667,73.33333333333333,26.66666666666667,423.9004545454547,8.13937219456104,15
"Spanish Trails Lumber Company (Marianna, FL)",2.0,100.0,0.0,805.5199999999991,9.090827013362215,1
"Steely Lumber (Huntsville, TX)",1.0,100.0,0.0,579.705,6.933855630644101,1
"Stella-Jones Corp (Goshen, VA)",2.3333333333333335,100.0,0.0,2399.0,12.76063829787234,3
"Stella-Jones Corp (Livingston, TX)",8.285714285714286,100.0,0.0,-157.43714285714285,-4.436035055561919,7
"T R Miller Co, Inc. (Brewton, AL)",4.0,100.0,0.0,133.6,1.976799242424242,1
"Trimjoist Corporation (Columbus, MS)",5.8,100.0,0.0,1320.8975414670144,18.763639547844438,5
"Triple E Trucking (Colfax, LA)",8.5,0.0,100.0,,,2
"Two Rivers Lumber Company, LLC (Demopolis, AL)",3.0,100.0,0.0,1774.1299999999999,18.011156469727766,2
"Valley Timber Inc (Fort Payne, AL)",5.333333333333333,0.0,100.0,,,18
"Vernon Kropf (Pocahontas, AR)",-20.0,100.0,0.0,1343.048832000001,15.557511259382832,1
"Vicksburg Forest Products, LLC (Vicksburg, MS)",10.186567164179104,67.16417910447761,32.83582089552239,719.0527302678325,7.004726957201525,134
"Victor Kropf (Pocahontas, AR)",-0.125,93.75,6.25,2034.7534421333332,21.77353424123825,16
"Warren Timbers Company, LLC (Warren, AR)",5.204081632653061,42.0,58.0,951.9223884994271,9.067906254969525,50
"Wesley Hostetler (Emden, MO)",3.0,100.0,0.0,2012.0799999999997,23.743037855187385,1
"West Fraser Mills Ltd (Augusta, GA)",6.0,100.0,0.0,4526.916523028809,47.11017664851998,1
"West Fraser Mills Ltd (Dudley, GA)",9.0,100.0,0.0,-751.3000000000004,-15.750557129050593,1
"West Fraser Mills Ltd (Fairfax, SC)",6.0,100.0,0.0,9454.336666666668,89.49493718085915,3
"West Fraser Mills Ltd (Joyce, LA)",10.923076923076923,92.3076923076923,7.692307692307693,711.5155031602256,8.21730781679163,13
"West Fraser Mills Ltd (Leola, AR)",9.0,50.0,50.0,711.3269999999994,8.869843079690133,2
"West Fraser Mills Ltd (New Boston, TX)",9.642857142857142,71.42857142857143,28.57142857142857,698.7471363999997,7.670328993426833,14
"West Fraser Mills Ltd. (Henderson, TX)",15.25,100.0,0.0,374.4366785000001,3.9464113207618587,4
"West Fraser Mills Ltd. (Mansfield, AR)",8.722222222222221,88.88888888888889,11.111111111111114,546.8669158125,5.879408000845486,36
"West Fraser Mills Ltd. (Maplesville, AL)",10.6,40.0,60.0,1375.9999999999998,15.2385754978352,5
"West Fraser Mills Ltd. (Mc David, FL)",1.0,100.0,0.0,1104.3199999999993,12.4629830263633,1
"West Fraser Mills Ltd. (Newberry, SC)",10.5,100.0,0.0,-690.0999999999991,-8.222116472371216,4
"West Fraser Mills Ltd. (Opelika, AL)",8.166666666666666,100.0,0.0,1100.0649999999998,12.482672921009808,6
"West Fraser Mills Ltd. (Russellville, AR)",3.9375,93.75,6.25,1186.3402666666666,11.311701754572164,16
"West Fraser Timber Co, Ltd - 57 (Lanett, AL)",6.875,62.5,37.5,5959.629999999999,70.12366598588977,8
"Westervelt Lumber Division (Moundville, AL)",10.195121951219512,77.23577235772358,22.764227642276424,710.6727859674473,8.509203015080127,123
"Westervelt Lumber Division (Thomasville, AL)",15.75,95.83333333333334,4.166666666666657,608.0934922756065,7.518539709396967,24
"Weyerhaeuser NR Company (Bruce, MS)",10.5,87.93103448275862,12.06896551724138,1030.7008227211675,11.125420370628403,174
"Weyerhaeuser NR Company (Dierks, AR)",10.090301003344482,89.63210702341136,10.367892976588635,700.4745898949596,8.49452495525959,299
"Weyerhaeuser NR Company (Dodson, LA)",10.88695652173913,93.04347826086956,6.956521739130437,582.635005419118,6.935905056708809,115
"Weyerhaeuser NR Company (Holden, LA)",7.298611111111111,92.36111111111111,7.638888888888886,1068.8129936480316,11.078768207706245,144
"Weyerhaeuser NR Company (Idabel, OK)",8.957983193277311,94.11764705882352,5.882352941176478,843.8950472267163,10.117203145800543,119
"Weyerhaeuser NR Company (Magnolia, MS)",9.443877551020408,93.36734693877551,6.632653061224488,573.8100996056305,6.811585373931284,196
"Weyerhaeuser NR Company (Millport, AL)",9.431693989071038,89.61748633879782,10.382513661202182,1104.2634293286137,12.448743543150538,183
"Weyerhaeuser NR Company (Philadelphia, MS)",10.90521327014218,92.41706161137441,7.5829383886255926,982.2564350633269,10.811300444714048,211
"Weyerhaeuser NR Company (Zwolle, LA)",6.4,80.0,20.0,1976.7312829257294,19.871932624878177,5
"Wood Tie (Idabel, OK)",2.0,100.0,0.0,1005.0,16.75,2
"WoodPerfect (Albertville, AL)",7.166666666666667,83.33333333333334,16.666666666666657,-926.2607999999994,5.273504775413767,6
"WoodPerfect (Boaz, AL)",13.6,40.0,60.0,596.7336899999991,6.133973349531353,5
"Yoder Hardwood (Verona, MO)",6.625,100.0,0.0,3628.3095768819853,31.474197639564593,24
