mill,product,count
"Anthony Timberlands, Inc (Bearden, AR)",6x6 | #4 | 12ft,18
"Anthony Timberlands, Inc (Bearden, AR)",2x12 | #4 | 10ft,12
"Anthony Timberlands, Inc (Bearden, AR)",2x12 | #4 | 12ft,12
"Anthony Timberlands, Inc (Bearden, AR)",2x12 | #4 | 14ft,12
"Anthony Timberlands, Inc (Bearden, AR)",6x6 | #4 | 8ft,12
"Anthony Timberlands, Inc (Bearden, AR)",2x12 | #4 | 8ft,11
"Anthony Timberlands, Inc (Bearden, AR)",2x12 | #3 | 12ft,9
"Anthony Timberlands, Inc (Bearden, AR)",6x6 | #4 | <NA>ft,9
"Anthony Timberlands, Inc (Bearden, AR)",2x12 | #3 | 14ft,8
"Anthony Timberlands, Inc (Bearden, AR)",2x12 | #3 | 16ft,8
"Anthony Timberlands, Inc (Bearden, AR)",2x12 | #4 | 16ft,8
"Anthony Timberlands, Inc (Bearden, AR)",2x12 | #3 | 8ft,7
"Anthony Timberlands, Inc (Bearden, AR)",2x12 | #4 | 6ft,7
"Anthony Timberlands, Inc (Bearden, AR)",2x12 | #3 | 10ft,6
"Anthony Timberlands, Inc (Bearden, AR)",6x6 | #4 | 16ft,6
"Anthony Timberlands, Inc (Bearden, AR)",2x12 | #4 | <NA>ft,5
"Anthony Timberlands, Inc (Bearden, AR)",2x10 | #4 | 12ft,4
"Anthony Timberlands, Inc (Bearden, AR)",2x10 | #4 | 16ft,4
"Anthony Timberlands, Inc (Bearden, AR)",2x10 | #4 | 10ft,3
"Anthony Timberlands, Inc (Bearden, AR)",2x10 | #4 | 6ft,3
"Anthony Timberlands, Inc (Bearden, AR)",2x10 | #4 | 8ft,3
"Anthony Timberlands, Inc (Bearden, AR)",2x12 | #3 | 18ft,3
"Anthony Timberlands, Inc (Bearden, AR)",6x6 | #4 | 14ft,3
"Anthony Timberlands, Inc (Bearden, AR)",2x10 | #4 | 14ft,2
"Anthony Timberlands, Inc (Bearden, AR)",2x10 | #4 | <NA>ft,2
"Anthony Timberlands, Inc (Bearden, AR)",2x12 | #3 | 20ft,2
"Anthony Timberlands, Inc (Bearden, AR)",2x8 | #4 | <NA>ft,2
"Anthony Timberlands, Inc (Bearden, AR)",6x6 | #4 | 10ft,2
"Anthony Timberlands, Inc (Bearden, AR)",2x4 | #4 | 12ft,1
"Anthony Timberlands, Inc (Bearden, AR)",2x4 | #4 | 14ft,1
"Anthony Timberlands, Inc (Bearden, AR)",2x4 | #4 | 16ft,1
"Anthony Timberlands, Inc (Malvern, AR)",2x10 | #4 | <NA>ft,7
"Anthony Timberlands, Inc (Malvern, AR)",2x10 | #4 | 6ft,6
"Anthony Timberlands, Inc (Malvern, AR)",1x4 | #4 | 8ft,4
"Anthony Timberlands, Inc (Malvern, AR)",2x10 | #4 | 8ft,4
"Anthony Timberlands, Inc (Malvern, AR)",2x12 | #4 | 6ft,4
"Anthony Timberlands, Inc (Malvern, AR)",2x12 | #4 | <NA>ft,4
"Anthony Timberlands, Inc (Malvern, AR)",2x4 | #3 | 8ft,4
"Anthony Timberlands, Inc (Malvern, AR)",1x4 | #4 | 10ft,3
"Anthony Timberlands, Inc (Malvern, AR)",1x4 | #4 | 12ft,3
"Anthony Timberlands, Inc (Malvern, AR)",2x12 | #4 | 8ft,3
"Anthony Timberlands, Inc (Malvern, AR)",1x4 | #4 | 14ft,2
"Anthony Timberlands, Inc (Malvern, AR)",1x4 | #4 | 16ft,2
"Anthony Timberlands, Inc (Malvern, AR)",1x4 | #4 | 6ft,2
"Anthony Timberlands, Inc (Malvern, AR)",2x10 | #4 | 12ft,2
"Anthony Timberlands, Inc (Malvern, AR)",2x12 | #4 | 12ft,2
"Anthony Timberlands, Inc (Malvern, AR)",2x12 | #4 | 14ft,2
"Anthony Timberlands, Inc (Malvern, AR)",2x12 | #4 | 16ft,2
"Anthony Timberlands, Inc (Malvern, AR)",2x8 | #4 | 10ft,2
"Anthony Timberlands, Inc (Malvern, AR)",2x8 | #4 | 12ft,2
"Anthony Timberlands, Inc (Malvern, AR)",2x8 | #4 | 14ft,2
"Anthony Timberlands, Inc (Malvern, AR)",2x8 | #4 | 16ft,2
"Anthony Timberlands, Inc (Malvern, AR)",2x8 | #4 | 8ft,2
"Anthony Timberlands, Inc (Malvern, AR)",1x4 | #4 | <NA>ft,1
"Anthony Timberlands, Inc (Malvern, AR)",1x6 | #3 | 6ft,1
"Anthony Timberlands, Inc (Malvern, AR)",1x6 | #4 | 10ft,1
"Anthony Timberlands, Inc (Malvern, AR)",1x6 | #4 | 12ft,1
"Anthony Timberlands, Inc (Malvern, AR)",1x6 | #4 | 14ft,1
"Anthony Timberlands, Inc (Malvern, AR)",1x6 | #4 | 16ft,1
"Anthony Timberlands, Inc (Malvern, AR)",1x6 | #4 | 8ft,1
"Anthony Timberlands, Inc (Malvern, AR)",1x6 | #4 | <NA>ft,1
"Anthony Timberlands, Inc (Malvern, AR)",2x10 | #4 | 10ft,1
"Anthony Timberlands, Inc (Malvern, AR)",2x10 | #4 | 14ft,1
"Anthony Timberlands, Inc (Malvern, AR)",2x10 | #4 | 16ft,1
"Anthony Timberlands, Inc (Malvern, AR)",2x12 | #4 | 10ft,1
"Anthony Timberlands, Inc (Malvern, AR)",2x4 | #4 | 6ft,1
"Anthony Timberlands, Inc (Malvern, AR)",2x4 | #4 | <NA>ft,1
"Austell Forest Products Inc (Gordo, AL)",4x6 | #4 | 10ft,20
"Austell Forest Products Inc (Gordo, AL)",1x6 | #3 | 6ft,4
"Beasley Forest Prod - Yawn (Hazlehurst, GA)",6x6 | #4 | 10ft,4
"Beasley Forest Prod - Yawn (Hazlehurst, GA)",6x6 | #4 | 8ft,2
"Beasley Forest Prod - Yawn (Hazlehurst, GA)",2x8 | #3 | 12ft,1
"Beasley Forest Prod - Yawn (Hazlehurst, GA)",6x6 | #4 | 12ft,1
"Beasley Forest Prod - Yawn (Hazlehurst, GA)",6x6 | #4 | 6ft,1
"Bienville Lumber Company, LLC (Taylor, LA)",2x4 | #3 | 8ft,78
"Bienville Lumber Company, LLC (Taylor, LA)",2x6 | #3 | 10ft,55
"Bienville Lumber Company, LLC (Taylor, LA)",2x4 | #3 | 10ft,52
"Bienville Lumber Company, LLC (Taylor, LA)",2x6 | #3 | 8ft,39
"Bienville Lumber Company, LLC (Taylor, LA)",2x4 | #3 | 12ft,27
"Bienville Lumber Company, LLC (Taylor, LA)",2x6 | #4 | 8ft,22
"Bienville Lumber Company, LLC (Taylor, LA)",2x4 | #4 | 10ft,21
"Bienville Lumber Company, LLC (Taylor, LA)",2x4 | #4 | 16ft,21
"Bienville Lumber Company, LLC (Taylor, LA)",2x4 | #4 | 8ft,16
"Bienville Lumber Company, LLC (Taylor, LA)",2x8 | #3 | 8ft,12
"Bienville Lumber Company, LLC (Taylor, LA)",2x4 | #4 | 14ft,9
"Bienville Lumber Company, LLC (Taylor, LA)",2x8 | #3 | 12ft,9
"Bienville Lumber Company, LLC (Taylor, LA)",2x8 | #4 | 8ft,9
"Bienville Lumber Company, LLC (Taylor, LA)",2x8 | #3 | 10ft,8
"Bienville Lumber Company, LLC (Taylor, LA)",2x4 | #4 | 12ft,7
"Bienville Lumber Company, LLC (Taylor, LA)",2x10 | #4 | 8ft,6
"Bienville Lumber Company, LLC (Taylor, LA)",2x6 | #4 | 10ft,6
"Bienville Lumber Company, LLC (Taylor, LA)",2x8 | #3 | 14ft,6
"Bienville Lumber Company, LLC (Taylor, LA)",2x10 | #3 | 10ft,5
"Bienville Lumber Company, LLC (Taylor, LA)",2x10 | #4 | 12ft,5
"Bienville Lumber Company, LLC (Taylor, LA)",2x10 | #4 | 14ft,5
"Bienville Lumber Company, LLC (Taylor, LA)",2x10 | #4 | 16ft,5
"Bienville Lumber Company, LLC (Taylor, LA)",2x10 | #3 | 12ft,4
"Bienville Lumber Company, LLC (Taylor, LA)",2x10 | #3 | 8ft,4
"Bienville Lumber Company, LLC (Taylor, LA)",2x6 | #3 | 20ft,4
"Bienville Lumber Company, LLC (Taylor, LA)",2x8 | #4 | 10ft,4
"Bienville Lumber Company, LLC (Taylor, LA)",2x10 | #4 | 10ft,3
"Bienville Lumber Company, LLC (Taylor, LA)",2x4 | #3 | 18ft,3
"Bienville Lumber Company, LLC (Taylor, LA)",2x4 | #3 | 20ft,3
"Bienville Lumber Company, LLC (Taylor, LA)",2x6 | #3 | 12ft,3
"Bienville Lumber Company, LLC (Taylor, LA)",2x6 | #3 | 14ft,3
"Bienville Lumber Company, LLC (Taylor, LA)",2x6 | #4 | 16ft,3
"Bienville Lumber Company, LLC (Taylor, LA)",2x8 | #4 | 16ft,3
"Bienville Lumber Company, LLC (Taylor, LA)",2x10 | #3 | 14ft,2
"Bienville Lumber Company, LLC (Taylor, LA)",2x10 | #3 | 16ft,2
"Bienville Lumber Company, LLC (Taylor, LA)",2x6 | #3 | 16ft,2
"Bienville Lumber Company, LLC (Taylor, LA)",2x6 | #3 | 18ft,2
"Bienville Lumber Company, LLC (Taylor, LA)",2x8 | #4 | 14ft,2
"Bienville Lumber Company, LLC (Taylor, LA)",2x6 | #4 | 12ft,1
"Bienville Lumber Company, LLC (Taylor, LA)",2x6 | #4 | 14ft,1
"Bienville Lumber Company, LLC (Taylor, LA)",2x8 | #3 | 16ft,1
"Bienville Lumber Company, LLC (Taylor, LA)",2x8 | #4 | 12ft,1
"Biewer Lumber (Winona, MS)",2x4 | #3 | 8ft,9
"Binderholz Timber, LLC (New Orleans, LA)",2x12 | #3 | 12ft,5
"Binderholz Timber, LLC (New Orleans, LA)",2x12 | #3 | 10ft,1
"CLW, Inc. (Splendora, TX)",2x4 | #4 | 10ft,1
"CLW, Inc. (Splendora, TX)",2x4 | #4 | 12ft,1
"CLW, Inc. (Splendora, TX)",2x4 | #4 | 14ft,1
"CLW, Inc. (Splendora, TX)",2x4 | #4 | 16ft,1
"Cal-Tex Lumber Co. (Nacogdoches, TX)",2x12 | #4 | <NA>ft,8
"Cal-Tex Lumber Co. (Nacogdoches, TX)",2x10 | #4 | 6ft,2
"Cal-Tex Lumber Co. (Nacogdoches, TX)",2x12 | #4 | 6ft,2
"Cal-Tex Lumber Co. (Nacogdoches, TX)",2x8 | #4 | 6ft,2
"Cal-Tex Lumber Co. (Nacogdoches, TX)",2x6 | #4 | 6ft,1
"Cal-Tex Lumber Co. (Pollok, TX)",4x4 | #4 | 8ft,8
"Cal-Tex Lumber Co. (Pollok, TX)",4x4 | #4 | 12ft,6
"Cal-Tex Lumber Co. (Pollok, TX)",4x4 | #4 | 10ft,4
"Cal-Tex Lumber Co. (Pollok, TX)",2x4 | #4 | 8ft,2
"Cal-Tex Lumber Co. (Pollok, TX)",2x4 | #4 | 10ft,1
"Cal-Tex Lumber Co. (Pollok, TX)",2x4 | #4 | 12ft,1
"Canfor Southern Pine (Bucks, AL)",2x4 | #3 | 12ft,16
"Canfor Southern Pine (Bucks, AL)",2x4 | #3 | 16ft,13
"Canfor Southern Pine (Bucks, AL)",2x4 | #3 | 8ft,13
"Canfor Southern Pine (Bucks, AL)",2x4 | #3 | 10ft,9
"Canfor Southern Pine (Bucks, AL)",2x4 | #3 | 14ft,9
"Canfor Southern Pine (Bucks, AL)",2x10 | #4 | 16ft,3
"Canfor Southern Pine (Bucks, AL)",2x10 | #4 | 8ft,3
"Canfor Southern Pine (Bucks, AL)",2x10 | #4 | 12ft,2
"Canfor Southern Pine (Bucks, AL)",2x10 | #4 | 14ft,2
"Canfor Southern Pine (Bucks, AL)",2x6 | #4 | 8ft,2
"Canfor Southern Pine (Bucks, AL)",2x8 | #4 | 16ft,2
"Canfor Southern Pine (Bucks, AL)",2x10 | #4 | 10ft,1
"Canfor Southern Pine (Bucks, AL)",2x10 | #4 | <NA>ft,1
"Canfor Southern Pine (Bucks, AL)",2x4 | #4 | 10ft,1
"Canfor Southern Pine (Bucks, AL)",2x4 | #4 | 14ft,1
"Canfor Southern Pine (Bucks, AL)",2x6 | #3 | 8ft,1
"Canfor Southern Pine (Bucks, AL)",2x6 | #4 | 16ft,1
"Canfor Southern Pine (Bucks, AL)",2x8 | #4 | 12ft,1
"Canfor Southern Pine (Bucks, AL)",2x8 | #4 | 14ft,1
"Canfor Southern Pine (Bucks, AL)",2x8 | #4 | 8ft,1
"Canfor Southern Pine (Deridder, LA)",2x4 | #3 | 8ft,46
"Canfor Southern Pine (Deridder, LA)",2x4 | #3 | 10ft,37
"Canfor Southern Pine (Deridder, LA)",2x4 | #3 | 12ft,7
"Canfor Southern Pine (Deridder, LA)",2x4 | #3 | 14ft,2
"Canfor Southern Pine (Deridder, LA)",2x6 | #3 | 10ft,2
"Canfor Southern Pine (Deridder, LA)",2x4 | #4 | 8ft,1
"Canfor Southern Pine (Deridder, LA)",2x6 | #3 | 8ft,1
"Canfor Southern Pine (Deridder, LA)",2x8 | #3 | 8ft,1
"Canfor Southern Pine (Deridder, LA)",4x4 | #4 | 10ft,1
"Canfor Southern Pine (Deridder, LA)",4x4 | #4 | 12ft,1
"Canfor Southern Pine (Deridder, LA)",4x4 | #4 | 8ft,1
"Canfor Southern Pine (El Dorado, AR)",2x4 | #3 | 10ft,10
"Canfor Southern Pine (El Dorado, AR)",2x4 | #3 | 8ft,9
"Canfor Southern Pine (El Dorado, AR)",2x4 | #3 | 12ft,5
"Canfor Southern Pine (El Dorado, AR)",2x4 | #4 | 10ft,4
"Canfor Southern Pine (El Dorado, AR)",2x4 | #4 | 8ft,4
"Canfor Southern Pine (El Dorado, AR)",2x4 | #4 | 12ft,3
"Canfor Southern Pine (El Dorado, AR)",2x6 | #3 | 8ft,3
"Canfor Southern Pine (El Dorado, AR)",2x10 | #3 | 12ft,1
"Canfor Southern Pine (El Dorado, AR)",2x10 | #4 | 8ft,1
"Canfor Southern Pine (El Dorado, AR)",2x4 | #4 | 14ft,1
"Canfor Southern Pine (El Dorado, AR)",2x6 | #3 | 10ft,1
"Canfor Southern Pine (Fulton, AL)",2x4 | #3 | 10ft,7
"Canfor Southern Pine (Fulton, AL)",2x4 | #3 | 12ft,7
"Canfor Southern Pine (Fulton, AL)",2x4 | #3 | 8ft,7
"Canfor Southern Pine (Fulton, AL)",2x8 | #3 | 12ft,4
"Canfor Southern Pine (Fulton, AL)",2x8 | #3 | 14ft,4
"Canfor Southern Pine (Fulton, AL)",2x10 | #4 | 8ft,3
"Canfor Southern Pine (Fulton, AL)",2x12 | #3 | 12ft,3
"Canfor Southern Pine (Fulton, AL)",2x4 | #3 | 14ft,3
"Canfor Southern Pine (Fulton, AL)",2x6 | #3 | 8ft,3
"Canfor Southern Pine (Fulton, AL)",2x8 | #3 | 10ft,3
"Canfor Southern Pine (Fulton, AL)",2x8 | #3 | 16ft,3
"Canfor Southern Pine (Fulton, AL)",2x8 | #3 | 8ft,3
"Canfor Southern Pine (Fulton, AL)",2x8 | #4 | 8ft,3
"Canfor Southern Pine (Fulton, AL)",2x12 | #3 | 14ft,2
"Canfor Southern Pine (Fulton, AL)",2x12 | #3 | 16ft,2
"Canfor Southern Pine (Fulton, AL)",2x8 | #4 | 16ft,2
"Canfor Southern Pine (Fulton, AL)",2x10 | #4 | 10ft,1
"Canfor Southern Pine (Fulton, AL)",2x10 | #4 | 12ft,1
"Canfor Southern Pine (Fulton, AL)",2x10 | #4 | 14ft,1
"Canfor Southern Pine (Fulton, AL)",2x10 | #4 | 16ft,1
"Canfor Southern Pine (Fulton, AL)",2x10 | #4 | <NA>ft,1
"Canfor Southern Pine (Fulton, AL)",2x12 | #3 | 10ft,1
"Canfor Southern Pine (Fulton, AL)",2x12 | #3 | 8ft,1
"Canfor Southern Pine (Fulton, AL)",2x4 | #4 | 14ft,1
"Canfor Southern Pine (Fulton, AL)",2x6 | #3 | 10ft,1
"Canfor Southern Pine (Fulton, AL)",2x6 | #4 | 10ft,1
"Canfor Southern Pine (Fulton, AL)",2x6 | #4 | 12ft,1
"Canfor Southern Pine (Fulton, AL)",2x6 | #4 | 14ft,1
"Canfor Southern Pine (Fulton, AL)",2x8 | #4 | 10ft,1
"Canfor Southern Pine (Fulton, AL)",2x8 | #4 | 12ft,1
"Canfor Southern Pine (Fulton, AL)",2x8 | #4 | <NA>ft,1
"Canfor Southern Pine (Strong, AR)",2x12 | #4 | 12ft,3
"Canfor Southern Pine (Strong, AR)",2x12 | #4 | 8ft,3
"Canfor Southern Pine (Strong, AR)",2x10 | #4 | 10ft,2
"Canfor Southern Pine (Strong, AR)",2x12 | #4 | 10ft,2
"Canfor Southern Pine (Strong, AR)",2x12 | #4 | 16ft,2
"Canfor Southern Pine (Strong, AR)",2x12 | #4 | 14ft,1
"Canfor Southern Pine (Strong, AR)",2x8 | #4 | 10ft,1
"Canfor Southern Pine (Strong, AR)",2x8 | #4 | 12ft,1
"Canfor Southern Pine (Strong, AR)",2x8 | #4 | 14ft,1
"Canfor Southern Pine (Strong, AR)",2x8 | #4 | 16ft,1
"Canfor Southern Pine (Strong, AR)",2x8 | #4 | 8ft,1
"Charles Ingram (Effingham, SC)",4x6 | #4 | <NA>ft,4
"Charles Ingram (Effingham, SC)",4x4 | #4 | 10ft,1
"Charles Ingram (Effingham, SC)",4x4 | #4 | 12ft,1
"Charles Ingram (Effingham, SC)",4x4 | #4 | 14ft,1
"Charles Ingram (Effingham, SC)",4x4 | #4 | 16ft,1
"Charles Ingram (Effingham, SC)",4x6 | #3 | 8ft,1
"Charles Ingram (Effingham, SC)",4x6 | #4 | 8ft,1
"Chickasaw Lumber Company, LLC (Navasota, TX)",4x4 | #4 | 7ft,3
"Chickasaw Lumber Company, LLC (Navasota, TX)",2x6 | #4 | 12ft,1
"Coushatta Forest Products, LLC (Coushatta, LA)",4x4 | #4 | 8ft,11
"Coushatta Forest Products, LLC (Coushatta, LA)",2x4 | #4 | 8ft,9
"Coushatta Forest Products, LLC (Coushatta, LA)",4x4 | #4 | 10ft,8
"Coushatta Forest Products, LLC (Coushatta, LA)",4x4 | #4 | 12ft,8
"Coushatta Forest Products, LLC (Coushatta, LA)",2x4 | #4 | 16ft,7
"Coushatta Forest Products, LLC (Coushatta, LA)",4x4 | #4 | 14ft,7
"Coushatta Forest Products, LLC (Coushatta, LA)",2x4 | #4 | 12ft,6
"Coushatta Forest Products, LLC (Coushatta, LA)",2x4 | #4 | 14ft,6
"Coushatta Forest Products, LLC (Coushatta, LA)",4x4 | #4 | 16ft,6
"Coushatta Forest Products, LLC (Coushatta, LA)",4x4 | #4 | <NA>ft,6
"Coushatta Forest Products, LLC (Coushatta, LA)",4x6 | #4 | 8ft,6
"Coushatta Forest Products, LLC (Coushatta, LA)",2x4 | #4 | 10ft,5
"Coushatta Forest Products, LLC (Coushatta, LA)",4x6 | #4 | 10ft,5
"Coushatta Forest Products, LLC (Coushatta, LA)",4x6 | #4 | 12ft,5
"Coushatta Forest Products, LLC (Coushatta, LA)",4x6 | #4 | 16ft,5
"Coushatta Forest Products, LLC (Coushatta, LA)",2x6 | #4 | 12ft,4
"Coushatta Forest Products, LLC (Coushatta, LA)",2x6 | #4 | 8ft,4
"Coushatta Forest Products, LLC (Coushatta, LA)",4x6 | #4 | 14ft,4
"Coushatta Forest Products, LLC (Coushatta, LA)",2x4 | #3 | 10ft,3
"Coushatta Forest Products, LLC (Coushatta, LA)",2x6 | #3 | 8ft,3
"Coushatta Forest Products, LLC (Coushatta, LA)",2x6 | #4 | 10ft,3
"Coushatta Forest Products, LLC (Coushatta, LA)",2x6 | #4 | 14ft,3
"Coushatta Forest Products, LLC (Coushatta, LA)",2x6 | #4 | 16ft,3
"Coushatta Forest Products, LLC (Coushatta, LA)",2x8 | #3 | 12ft,3
"Coushatta Forest Products, LLC (Coushatta, LA)",2x8 | #4 | 12ft,3
"Coushatta Forest Products, LLC (Coushatta, LA)",2x8 | #4 | 16ft,3
"Coushatta Forest Products, LLC (Coushatta, LA)",2x6 | #3 | 10ft,2
"Coushatta Forest Products, LLC (Coushatta, LA)",2x8 | #3 | 10ft,2
"Coushatta Forest Products, LLC (Coushatta, LA)",2x8 | #4 | 10ft,2
"Coushatta Forest Products, LLC (Coushatta, LA)",2x8 | #4 | 8ft,2
"Coushatta Forest Products, LLC (Coushatta, LA)",4x6 | #4 | 6ft,2
"Coushatta Forest Products, LLC (Coushatta, LA)",4x6 | #4 | <NA>ft,2
"Coushatta Forest Products, LLC (Coushatta, LA)",2x4 | #4 | 6ft,1
"Coushatta Forest Products, LLC (Coushatta, LA)",2x4 | #4 | <NA>ft,1
"Coushatta Forest Products, LLC (Coushatta, LA)",2x6 | #4 | 6ft,1
"Coushatta Forest Products, LLC (Coushatta, LA)",2x6 | #4 | <NA>ft,1
"Coushatta Forest Products, LLC (Coushatta, LA)",2x8 | #3 | 14ft,1
"Coushatta Forest Products, LLC (Coushatta, LA)",2x8 | #3 | 16ft,1
"Coushatta Forest Products, LLC (Coushatta, LA)",2x8 | #3 | 8ft,1
"Coushatta Forest Products, LLC (Coushatta, LA)",2x8 | #4 | 14ft,1
"Coushatta Forest Products, LLC (Coushatta, LA)",4x4 | #4 | 6ft,1
"Doman Lumber (Gilmer, TX)",1x4 | #3 | 10ft,5
"Doman Lumber (Magnolia, AR)",1x4 | #3 | 8ft,1
"Doman Lumber (Magnolia, AR)",1x6 | #3 | 14ft,1
"Doman Lumber (Russellville, AR)",1x6 | #4 | 10ft,7
"Doman Lumber (Russellville, AR)",1x6 | #4 | 16ft,7
"Doman Lumber (Russellville, AR)",1x6 | #4 | 12ft,6
"Doman Lumber (Russellville, AR)",1x6 | #4 | 8ft,6
"Doman Lumber (Russellville, AR)",1x6 | #4 | 14ft,4
"Doman Lumber (Russellville, AR)",1x4 | #3 | 8ft,1
"Doman Lumber (Russellville, AR)",1x4 | #4 | <NA>ft,1
"Doman Lumber (Russellville, AR)",1x6 | #4 | <NA>ft,1
"Dupont Pine Products, LLC (Alapaha, GA)",6x6 | #4 | 8ft,7
"Dupont Pine Products, LLC (Alapaha, GA)",6x6 | #4 | 10ft,6
"Dupont Pine Products, LLC (Alapaha, GA)",6x6 | #4 | 12ft,6
"Dupont Pine Products, LLC (Alapaha, GA)",6x6 | #4 | 16ft,6
"Dupont Pine Products, LLC (Alapaha, GA)",4x4 | #4 | 8ft,1
"Dupont Pine Products, LLC (Alapaha, GA)",4x4 | #4 | <NA>ft,1
"Dupont Pine Products, LLC (Alapaha, GA)",4x6 | #4 | <NA>ft,1
"Georgia-Pacfic Corp (Talladega, AL)",2x4 | #4 | 14ft,55
"Georgia-Pacfic Corp (Talladega, AL)",2x4 | #4 | 12ft,49
"Georgia-Pacfic Corp (Talladega, AL)",2x4 | #4 | 10ft,46
"Georgia-Pacfic Corp (Talladega, AL)",2x4 | #4 | 16ft,46
"Georgia-Pacfic Corp (Talladega, AL)",2x4 | #4 | 8ft,46
"Georgia-Pacfic Corp (Talladega, AL)",2x4 | #3 | 16ft,2
"Georgia-Pacific Corp (Albany, GA)",2x4 | #3 | 10ft,1
"Georgia-Pacific Corp (Albany, GA)",2x4 | #4 | 16ft,1
"Georgia-Pacific Corp (Albany, GA)",2x4 | #4 | 8ft,1
"Georgia-Pacific Corp. (Camden, TX)",4x4 | #4 | 8ft,54
"Georgia-Pacific Corp. (Diboll, TX)",2x4 | #4 | 16ft,34
"Georgia-Pacific Corp. (Diboll, TX)",2x4 | #4 | 10ft,27
"Georgia-Pacific Corp. (Diboll, TX)",2x4 | #4 | 12ft,25
"Georgia-Pacific Corp. (Diboll, TX)",2x4 | #4 | 14ft,25
"Georgia-Pacific Corp. (Diboll, TX)",2x4 | #4 | 8ft,22
"Georgia-Pacific Corp. (Diboll, TX)",2x6 | #4 | 10ft,12
"Georgia-Pacific Corp. (Diboll, TX)",2x6 | #4 | 14ft,11
"Georgia-Pacific Corp. (Diboll, TX)",2x6 | #4 | 8ft,11
"Georgia-Pacific Corp. (Diboll, TX)",2x6 | #4 | 16ft,9
"Georgia-Pacific Corp. (Diboll, TX)",2x6 | #4 | 12ft,8
"Georgia-Pacific Corp. (Diboll, TX)",2x8 | #3 | 8ft,8
"Georgia-Pacific Corp. (Diboll, TX)",2x6 | #3 | 8ft,7
"Georgia-Pacific Corp. (Diboll, TX)",2x8 | #3 | 10ft,7
"Georgia-Pacific Corp. (Diboll, TX)",2x4 | #3 | 8ft,6
"Georgia-Pacific Corp. (Diboll, TX)",2x8 | #3 | 12ft,5
"Georgia-Pacific Corp. (Diboll, TX)",2x8 | #4 | 8ft,5
"Georgia-Pacific Corp. (Diboll, TX)",2x4 | #3 | 10ft,4
"Georgia-Pacific Corp. (Diboll, TX)",2x4 | #4 | <NA>ft,4
"Georgia-Pacific Corp. (Diboll, TX)",2x6 | #3 | 10ft,4
"Georgia-Pacific Corp. (Diboll, TX)",2x8 | #3 | 16ft,4
"Georgia-Pacific Corp. (Diboll, TX)",2x8 | #3 | 14ft,3
"Georgia-Pacific Corp. (Diboll, TX)",2x8 | #4 | 12ft,3
"Georgia-Pacific Corp. (Diboll, TX)",2x8 | #4 | 16ft,3
"Georgia-Pacific Corp. (Diboll, TX)",2x6 | #4 | 6ft,2
"Georgia-Pacific Corp. (Diboll, TX)",2x8 | #4 | 10ft,2
"Georgia-Pacific Corp. (Diboll, TX)",2x8 | #4 | 14ft,2
"Georgia-Pacific Corp. (Diboll, TX)",2x4 | #3 | 14ft,1
"Georgia-Pacific Corp. (Diboll, TX)",2x4 | #3 | 16ft,1
"Georgia-Pacific Corp. (Diboll, TX)",2x4 | #3 | 20ft,1
"Georgia-Pacific Corp. (Diboll, TX)",2x4 | #4 | 20ft,1
"Georgia-Pacific Corp. (Diboll, TX)",2x4 | #4 | 6ft,1
"Georgia-Pacific Corp. (Gurdon, AR)",4x4 | #4 | 8ft,95
"Georgia-Pacific Corp. (Gurdon, AR)",2x4 | #4 | 8ft,54
"Georgia-Pacific Corp. (Gurdon, AR)",2x4 | #4 | 16ft,52
"Georgia-Pacific Corp. (Gurdon, AR)",2x4 | #4 | 10ft,41
"Georgia-Pacific Corp. (Gurdon, AR)",2x4 | #4 | 12ft,37
"Georgia-Pacific Corp. (Gurdon, AR)",2x6 | #4 | 10ft,28
"Georgia-Pacific Corp. (Gurdon, AR)",2x4 | #4 | 14ft,26
"Georgia-Pacific Corp. (Gurdon, AR)",2x4 | #3 | 16ft,21
"Georgia-Pacific Corp. (Gurdon, AR)",2x6 | #4 | 12ft,21
"Georgia-Pacific Corp. (Gurdon, AR)",2x6 | #4 | 16ft,21
"Georgia-Pacific Corp. (Gurdon, AR)",2x6 | #4 | 8ft,21
"Georgia-Pacific Corp. (Gurdon, AR)",2x6 | #4 | 14ft,18
"Georgia-Pacific Corp. (Gurdon, AR)",2x4 | #3 | 14ft,13
"Georgia-Pacific Corp. (Gurdon, AR)",2x4 | #3 | 8ft,13
"Georgia-Pacific Corp. (Gurdon, AR)",2x6 | #3 | 10ft,10
"Georgia-Pacific Corp. (Gurdon, AR)",2x6 | #3 | 12ft,6
"Georgia-Pacific Corp. (Gurdon, AR)",2x8 | #3 | 12ft,6
"Georgia-Pacific Corp. (Gurdon, AR)",2x8 | #3 | 10ft,5
"Georgia-Pacific Corp. (Gurdon, AR)",2x8 | #3 | 16ft,5
"Georgia-Pacific Corp. (Gurdon, AR)",2x8 | #3 | 14ft,4
"Georgia-Pacific Corp. (Gurdon, AR)",2x8 | #3 | 8ft,4
"Georgia-Pacific Corp. (Gurdon, AR)",2x6 | #3 | 8ft,3
"Georgia-Pacific Corp. (Gurdon, AR)",2x4 | #3 | 12ft,1
"Georgia-Pacific Corp. (Gurdon, AR)",2x6 | #3 | 14ft,1
"Georgia-Pacific Corp. (Gurdon, AR)",2x6 | #3 | 16ft,1
"Georgia-Pacific Corp. (Pineland, TX)",2x4 | #3 | 10ft,63
"Georgia-Pacific Corp. (Pineland, TX)",2x6 | #4 | 16ft,34
"Georgia-Pacific Corp. (Pineland, TX)",2x4 | #4 | 10ft,31
"Georgia-Pacific Corp. (Pineland, TX)",2x6 | #4 | 12ft,30
"Georgia-Pacific Corp. (Pineland, TX)",2x6 | #3 | 10ft,28
"Georgia-Pacific Corp. (Pineland, TX)",2x4 | #4 | 8ft,27
"Georgia-Pacific Corp. (Pineland, TX)",2x6 | #4 | 10ft,27
"Georgia-Pacific Corp. (Pineland, TX)",2x4 | #4 | 14ft,25
"Georgia-Pacific Corp. (Pineland, TX)",2x4 | #4 | 16ft,25
"Georgia-Pacific Corp. (Pineland, TX)",2x8 | #4 | 8ft,23
"Georgia-Pacific Corp. (Pineland, TX)",2x4 | #4 | 12ft,21
"Georgia-Pacific Corp. (Pineland, TX)",2x6 | #4 | 14ft,21
"Georgia-Pacific Corp. (Pineland, TX)",2x6 | #4 | 8ft,19
"Georgia-Pacific Corp. (Pineland, TX)",2x6 | #3 | 16ft,15
"Georgia-Pacific Corp. (Pineland, TX)",2x8 | #4 | 12ft,15
"Georgia-Pacific Corp. (Pineland, TX)",2x6 | #3 | 8ft,14
"Georgia-Pacific Corp. (Pineland, TX)",2x8 | #4 | 10ft,14
"Georgia-Pacific Corp. (Pineland, TX)",2x8 | #4 | 16ft,14
"Georgia-Pacific Corp. (Pineland, TX)",2x4 | #3 | 8ft,13
"Georgia-Pacific Corp. (Pineland, TX)",2x6 | #3 | 12ft,12
"Georgia-Pacific Corp. (Pineland, TX)",2x6 | #4 | 6ft,9
"Georgia-Pacific Corp. (Pineland, TX)",2x4 | #3 | 14ft,8
"Georgia-Pacific Corp. (Pineland, TX)",2x8 | #3 | 10ft,8
"Georgia-Pacific Corp. (Pineland, TX)",2x12 | #4 | 8ft,7
"Georgia-Pacific Corp. (Pineland, TX)",2x4 | #3 | 16ft,7
"Georgia-Pacific Corp. (Pineland, TX)",2x6 | #3 | 14ft,7
"Georgia-Pacific Corp. (Pineland, TX)",2x8 | #4 | 14ft,7
"Georgia-Pacific Corp. (Pineland, TX)",2x12 | #4 | 10ft,6
"Georgia-Pacific Corp. (Pineland, TX)",2x8 | #3 | 8ft,6
"Georgia-Pacific Corp. (Pineland, TX)",2x12 | #4 | 16ft,5
"Georgia-Pacific Corp. (Pineland, TX)",2x8 | #3 | 12ft,5
"Georgia-Pacific Corp. (Pineland, TX)",2x12 | #4 | 12ft,4
"Georgia-Pacific Corp. (Pineland, TX)",2x12 | #4 | 14ft,4
"Georgia-Pacific Corp. (Pineland, TX)",2x4 | #3 | 12ft,4
"Georgia-Pacific Corp. (Pineland, TX)",2x8 | #3 | 14ft,4
"Georgia-Pacific Corp. (Pineland, TX)",2x4 | #4 | 6ft,3
"Georgia-Pacific Corp. (Pineland, TX)",2x4 | #4 | <NA>ft,3
"Georgia-Pacific Corp. (Pineland, TX)",2x8 | #3 | 16ft,3
"Georgia-Pacific Corp. (Pineland, TX)",2x12 | #3 | 10ft,1
"Georgia-Pacific Corp. (Pineland, TX)",2x12 | #3 | 12ft,1
"Georgia-Pacific Corp. (Pineland, TX)",2x12 | #3 | 14ft,1
"Georgia-Pacific Corp. (Pineland, TX)",2x12 | #3 | 16ft,1
"Georgia-Pacific Corp. (Pineland, TX)",2x12 | #3 | 8ft,1
"Georgia-Pacific Corp. (Pineland, TX)",2x6 | #4 | <NA>ft,1
"Georgia-Pacific Corp. (Prosperity, SC)",4x4 | #4 | 8ft,3
"Georgia-Pacific Corp. (Rome, GA)",2x4 | #4 | 14ft,42
"Georgia-Pacific Corp. (Rome, GA)",2x4 | #4 | 16ft,41
"Georgia-Pacific Corp. (Rome, GA)",2x4 | #4 | 12ft,39
"Georgia-Pacific Corp. (Rome, GA)",2x4 | #4 | 8ft,39
"Georgia-Pacific Corp. (Rome, GA)",2x4 | #4 | 10ft,38
"Georgia-Pacific Corp. (Rome, GA)",2x6 | #4 | 8ft,8
"Georgia-Pacific Corp. (Rome, GA)",2x6 | #4 | 10ft,6
"Georgia-Pacific Corp. (Rome, GA)",2x6 | #4 | 12ft,6
"Georgia-Pacific Corp. (Rome, GA)",2x6 | #4 | 14ft,6
"Georgia-Pacific Corp. (Rome, GA)",2x4 | #3 | 12ft,2
"Georgia-Pacific Corp. (Rome, GA)",2x4 | #3 | 14ft,1
"Georgia-Pacific Corp. (Taylorsville, MS)",4x4 | #4 | 8ft,30
"Georgia-Pacific Corp. (Taylorsville, MS)",4x4 | #3 | 8ft,2
"Georgia-Pacific Corp. (Warrenton, GA)",2x4 | #4 | 8ft,2
"Georgia-Pacific Corp. (Warrenton, GA)",2x4 | #3 | 10ft,1
"Georgia-Pacific Corp. (Warrenton, GA)",2x4 | #3 | 12ft,1
"Georgia-Pacific Corp. (Warrenton, GA)",2x4 | #3 | 16ft,1
"Georgia-Pacific Corp. (Warrenton, GA)",2x4 | #4 | 10ft,1
"Georgia-Pacific Corp. (Warrenton, GA)",2x4 | #4 | 12ft,1
"Georgia-Pacific Corp. (Warrenton, GA)",2x6 | #3 | 10ft,1
"Georgia-Pacific Corp. (Warrenton, GA)",2x6 | #3 | 12ft,1
"Georgia-Pacific Corp. (Warrenton, GA)",2x6 | #3 | 16ft,1
"Gloster Forest Products (Gloster, MS)",2x4 | #3 | 10ft,151
"Gloster Forest Products (Gloster, MS)",2x4 | #3 | 8ft,86
"Gloster Forest Products (Gloster, MS)",2x4 | #4 | 8ft,53
"Gloster Forest Products (Gloster, MS)",4x4 | #4 | 10ft,52
"Gloster Forest Products (Gloster, MS)",4x4 | #4 | 12ft,39
"Gloster Forest Products (Gloster, MS)",2x4 | #4 | 10ft,38
"Gloster Forest Products (Gloster, MS)",2x4 | #4 | 12ft,34
"Gloster Forest Products (Gloster, MS)",2x6 | #4 | 8ft,32
"Gloster Forest Products (Gloster, MS)",2x4 | #4 | 16ft,31
"Gloster Forest Products (Gloster, MS)",4x4 | #4 | 16ft,28
"Gloster Forest Products (Gloster, MS)",2x6 | #4 | 16ft,27
"Gloster Forest Products (Gloster, MS)",2x10 | #4 | 8ft,24
"Gloster Forest Products (Gloster, MS)",2x4 | #4 | 14ft,23
"Gloster Forest Products (Gloster, MS)",2x6 | #4 | 10ft,23
"Gloster Forest Products (Gloster, MS)",4x4 | #4 | 8ft,21
"Gloster Forest Products (Gloster, MS)",2x6 | #4 | 12ft,20
"Gloster Forest Products (Gloster, MS)",2x10 | #4 | 12ft,19
"Gloster Forest Products (Gloster, MS)",2x10 | #4 | 16ft,15
"Gloster Forest Products (Gloster, MS)",2x6 | #4 | 14ft,15
"Gloster Forest Products (Gloster, MS)",2x10 | #4 | 10ft,11
"Gloster Forest Products (Gloster, MS)",2x10 | #4 | 14ft,10
"Gloster Forest Products (Gloster, MS)",4x4 | #4 | 14ft,8
"Gloster Forest Products (Gloster, MS)",2x6 | #3 | 8ft,6
"Gloster Forest Products (Gloster, MS)",2x6 | #3 | 10ft,4
"Gloster Forest Products (Gloster, MS)",2x10 | #3 | 8ft,3
"Gloster Forest Products (Gloster, MS)",2x12 | #4 | 16ft,3
"Gloster Forest Products (Gloster, MS)",2x4 | #3 | 12ft,3
"Gloster Forest Products (Gloster, MS)",2x10 | #3 | 12ft,2
"Gloster Forest Products (Gloster, MS)",2x10 | #4 | 18ft,1
"Gloster Forest Products (Gloster, MS)",2x10 | #4 | 20ft,1
"Gloster Forest Products (Gloster, MS)",2x12 | #3 | 16ft,1
"Gloster Forest Products (Gloster, MS)",2x12 | #4 | 10ft,1
"Gloster Forest Products (Gloster, MS)",2x12 | #4 | 12ft,1
"Gloster Forest Products (Gloster, MS)",2x12 | #4 | 8ft,1
"Gloster Forest Products (Gloster, MS)",2x6 | #3 | 14ft,1
"Gloster Forest Products (Gloster, MS)",2x8 | #3 | 10ft,1
"Gloster Forest Products (Gloster, MS)",2x8 | #3 | 8ft,1
"Gloster Forest Products (Gloster, MS)",2x8 | #4 | 10ft,1
"Gloster Forest Products (Gloster, MS)",4x4 | #4 | 6ft,1
"Gloster Forest Products (Gloster, MS)",4x4 | #4 | <NA>ft,1
"Grayson Lumber Corporation (Grayson, AL)",2x4 | #4 | 9ft,1
"Great Southern Wood Preserving (Abbeville, AL)",4x4 | #4 | <NA>ft,53
"Great Southern Wood Preserving (Abbeville, AL)",6x6 | #4 | 10ft,9
"Great Southern Wood Preserving (Abbeville, AL)",4x4 | #4 | 10ft,2
"Great Southern Wood Preserving (Abbeville, AL)",4x4 | #4 | 8ft,2
"Great Southern Wood Preserving (Abbeville, AL)",2x4 | #4 | 8ft,1
"Hankins Lumber Company, Inc (Grenada, MS)",2x12 | #4 | <NA>ft,1
"Hardy Technologies, LLC (Lumberton, MS)",2x8 | #3 | 12ft,1
"Hardy Technologies, LLC (Lumberton, MS)",2x8 | #3 | 16ft,1
"Hardy Technologies, LLC (Lumberton, MS)",2x8 | #3 | 8ft,1
"Harrigan Lumber Company, Inc. (Monroeville, AL)",4x6 | #3 | 10ft,16
"Harrigan Lumber Company, Inc. (Monroeville, AL)",4x6 | #3 | 12ft,4
"Harrigan Lumber Company, Inc. (Monroeville, AL)",4x6 | #4 | 8ft,2
"Harrigan Lumber Company, Inc. (Monroeville, AL)",2x6 | #3 | 12ft,1
"Harrigan Lumber Company, Inc. (Monroeville, AL)",2x6 | #3 | 16ft,1
"Harrigan Lumber Company, Inc. (Monroeville, AL)",4x6 | #3 | 8ft,1
"Harrigan Lumber Company, Inc. (Monroeville, AL)",4x6 | #4 | <NA>ft,1
"Hatfield Lumber Co (Hatfield, AR)",2x12 | #4 | <NA>ft,1
"Hatfield Lumber Co (Hatfield, AR)",2x6 | #3 | 16ft,1
"Homan Forest Products Corporate, Inc (Fulton, MS)",6x6 | #4 | 10ft,1
"Homan Forest Products Corporate, Inc (Fulton, MS)",6x6 | #4 | 12ft,1
"Homan Forest Products Corporate, Inc (Fulton, MS)",6x6 | #4 | 14ft,1
"Homan Forest Products Corporate, Inc (Fulton, MS)",6x6 | #4 | 16ft,1
"Homan Forest Products Corporate, Inc (Fulton, MS)",6x6 | #4 | 8ft,1
"Hood Industries, Inc (Waynesboro, MS)",2x12 | #4 | <NA>ft,21
"Hood Industries, Inc (Waynesboro, MS)",2x10 | #4 | 8ft,10
"Hood Industries, Inc (Waynesboro, MS)",2x4 | #3 | 12ft,10
"Hood Industries, Inc (Waynesboro, MS)",2x10 | #4 | 10ft,9
"Hood Industries, Inc (Waynesboro, MS)",2x10 | #4 | 12ft,9
"Hood Industries, Inc (Waynesboro, MS)",2x10 | #4 | <NA>ft,9
"Hood Industries, Inc (Waynesboro, MS)",2x4 | #3 | 8ft,9
"Hood Industries, Inc (Waynesboro, MS)",2x8 | #4 | <NA>ft,9
"Hood Industries, Inc (Waynesboro, MS)",2x12 | #4 | 10ft,8
"Hood Industries, Inc (Waynesboro, MS)",2x12 | #4 | 12ft,8
"Hood Industries, Inc (Waynesboro, MS)",2x12 | #4 | 8ft,8
"Hood Industries, Inc (Waynesboro, MS)",2x8 | #3 | 8ft,8
"Hood Industries, Inc (Waynesboro, MS)",2x12 | #4 | 6ft,7
"Hood Industries, Inc (Waynesboro, MS)",2x4 | #3 | 10ft,7
"Hood Industries, Inc (Waynesboro, MS)",2x8 | #3 | 12ft,7
"Hood Industries, Inc (Waynesboro, MS)",2x8 | #4 | 10ft,7
"Hood Industries, Inc (Waynesboro, MS)",2x8 | #4 | 12ft,7
"Hood Industries, Inc (Waynesboro, MS)",2x8 | #4 | 8ft,7
"Hood Industries, Inc (Waynesboro, MS)",2x4 | #4 | 8ft,6
"Hood Industries, Inc (Waynesboro, MS)",2x6 | #4 | 10ft,6
"Hood Industries, Inc (Waynesboro, MS)",2x6 | #4 | 12ft,6
"Hood Industries, Inc (Waynesboro, MS)",2x8 | #3 | 10ft,6
"Hood Industries, Inc (Waynesboro, MS)",2x4 | #4 | 10ft,5
"Hood Industries, Inc (Waynesboro, MS)",2x4 | #4 | 12ft,5
"Hood Industries, Inc (Waynesboro, MS)",2x6 | #4 | 8ft,5
"Hood Industries, Inc (Waynesboro, MS)",2x8 | #3 | 14ft,5
"Hood Industries, Inc (Waynesboro, MS)",2x8 | #3 | 16ft,5
"Hood Industries, Inc (Waynesboro, MS)",2x12 | #3 | 10ft,2
"Hood Industries, Inc (Waynesboro, MS)",2x12 | #3 | 12ft,2
"Hood Industries, Inc (Waynesboro, MS)",2x12 | #3 | 14ft,2
"Hood Industries, Inc (Waynesboro, MS)",2x12 | #3 | 8ft,2
"Hood Industries, Inc (Waynesboro, MS)",2x4 | #4 | <NA>ft,2
"Hood Industries, Inc (Waynesboro, MS)",2x6 | #4 | <NA>ft,2
"Hood Industries, Inc (Waynesboro, MS)",2x8 | #4 | 6ft,2
"Hood Industries, Inc (Waynesboro, MS)",2x12 | #3 | 16ft,1
"Hood Industries, Inc (Waynesboro, MS)",2x4 | #3 | 14ft,1
"Hood Industries, Inc (Waynesboro, MS)",2x4 | #3 | 16ft,1
"Hood Industries, Inc (Waynesboro, MS)",2x6 | #3 | 10ft,1
"Hood Industries, Inc (Waynesboro, MS)",2x6 | #4 | 6ft,1
"Hood Industries, Inc. (Bogalusa, LA)",2x4 | #3 | 8ft,76
"Hood Industries, Inc. (Bogalusa, LA)",2x4 | #4 | 8ft,42
"Hood Industries, Inc. (Bogalusa, LA)",2x4 | #4 | 12ft,39
"Hood Industries, Inc. (Bogalusa, LA)",2x8 | #3 | 8ft,32
"Hood Industries, Inc. (Bogalusa, LA)",2x4 | #3 | 12ft,30
"Hood Industries, Inc. (Bogalusa, LA)",2x4 | #4 | 10ft,27
"Hood Industries, Inc. (Bogalusa, LA)",2x6 | #4 | 8ft,27
"Hood Industries, Inc. (Bogalusa, LA)",2x8 | #4 | 8ft,27
"Hood Industries, Inc. (Bogalusa, LA)",2x4 | #4 | 14ft,24
"Hood Industries, Inc. (Bogalusa, LA)",2x8 | #4 | 10ft,23
"Hood Industries, Inc. (Bogalusa, LA)",2x8 | #4 | 12ft,23
"Hood Industries, Inc. (Bogalusa, LA)",4x4 | #4 | 8ft,22
"Hood Industries, Inc. (Bogalusa, LA)",2x8 | #3 | 12ft,21
"Hood Industries, Inc. (Bogalusa, LA)",2x6 | #4 | 12ft,20
"Hood Industries, Inc. (Bogalusa, LA)",2x6 | #4 | 10ft,18
"Hood Industries, Inc. (Bogalusa, LA)",2x6 | #4 | 14ft,18
"Hood Industries, Inc. (Bogalusa, LA)",2x8 | #3 | 16ft,16
"Hood Industries, Inc. (Bogalusa, LA)",2x8 | #3 | 10ft,15
"Hood Industries, Inc. (Bogalusa, LA)",2x8 | #4 | 14ft,15
"Hood Industries, Inc. (Bogalusa, LA)",2x8 | #3 | 14ft,13
"Hood Industries, Inc. (Bogalusa, LA)",2x4 | #3 | 10ft,8
"Hood Industries, Inc. (Bogalusa, LA)",2x4 | #4 | <NA>ft,8
"Hood Industries, Inc. (Bogalusa, LA)",2x6 | #3 | 8ft,7
"Hood Industries, Inc. (Bogalusa, LA)",2x6 | #3 | 10ft,4
"Hood Industries, Inc. (Bogalusa, LA)",2x6 | #3 | 16ft,4
"Hood Industries, Inc. (Bogalusa, LA)",2x6 | #4 | <NA>ft,4
"Hood Industries, Inc. (Bogalusa, LA)",2x8 | #4 | <NA>ft,3
"Hood Industries, Inc. (Bogalusa, LA)",2x4 | #3 | 16ft,2
"Hood Industries, Inc. (Bogalusa, LA)",2x6 | #3 | 12ft,2
"Hood Industries, Inc. (Bogalusa, LA)",2x8 | #4 | 16ft,2
"Hood Industries, Inc. (Bogalusa, LA)",2x6 | #3 | 14ft,1
"Hood Industries, Inc. (Silver Creek, MS)",2x4 | #4 | 10ft,19
"Hood Industries, Inc. (Silver Creek, MS)",2x4 | #4 | 14ft,16
"Hood Industries, Inc. (Silver Creek, MS)",2x4 | #4 | 12ft,15
"Hood Industries, Inc. (Silver Creek, MS)",2x4 | #4 | 8ft,15
"Hood Industries, Inc. (Silver Creek, MS)",2x4 | #4 | 16ft,13
"Hood Industries, Inc. (Silver Creek, MS)",2x8 | #4 | 12ft,12
"Hood Industries, Inc. (Silver Creek, MS)",2x8 | #4 | 16ft,11
"Hood Industries, Inc. (Silver Creek, MS)",2x4 | #4 | <NA>ft,9
"Hood Industries, Inc. (Silver Creek, MS)",2x6 | #4 | 10ft,9
"Hood Industries, Inc. (Silver Creek, MS)",2x6 | #4 | 12ft,9
"Hood Industries, Inc. (Silver Creek, MS)",2x6 | #4 | 14ft,9
"Hood Industries, Inc. (Silver Creek, MS)",2x8 | #4 | 10ft,9
"Hood Industries, Inc. (Silver Creek, MS)",2x8 | #4 | 14ft,9
"Hood Industries, Inc. (Silver Creek, MS)",2x4 | #3 | 12ft,8
"Hood Industries, Inc. (Silver Creek, MS)",2x6 | #4 | 16ft,8
"Hood Industries, Inc. (Silver Creek, MS)",2x4 | #3 | 10ft,7
"Hood Industries, Inc. (Silver Creek, MS)",2x6 | #4 | 8ft,7
"Hood Industries, Inc. (Silver Creek, MS)",2x6 | #4 | <NA>ft,7
"Hood Industries, Inc. (Silver Creek, MS)",2x4 | #3 | 8ft,6
"Hood Industries, Inc. (Silver Creek, MS)",2x8 | #3 | 16ft,5
"Hood Industries, Inc. (Silver Creek, MS)",2x8 | #3 | 12ft,4
"Hood Industries, Inc. (Silver Creek, MS)",2x8 | #3 | 10ft,3
"Hood Industries, Inc. (Silver Creek, MS)",2x8 | #3 | 14ft,3
"Hood Industries, Inc. (Silver Creek, MS)",2x8 | #4 | 8ft,3
"Hood Industries, Inc. (Silver Creek, MS)",2x6 | #3 | 10ft,2
"Hood Industries, Inc. (Silver Creek, MS)",2x8 | #4 | 6ft,2
"Hood Industries, Inc. (Silver Creek, MS)",2x4 | #3 | 14ft,1
"Hood Industries, Inc. (Silver Creek, MS)",2x4 | #4 | 6ft,1
"Hood Industries, Inc. (Silver Creek, MS)",2x6 | #3 | 12ft,1
"Hood Industries, Inc. (Silver Creek, MS)",2x6 | #3 | 14ft,1
"Hood Industries, Inc. (Silver Creek, MS)",2x6 | #3 | 16ft,1
"Hood Industries, Inc. (Silver Creek, MS)",2x6 | #3 | 8ft,1
"Hood Industries, Inc. (Silver Creek, MS)",2x8 | #3 | 8ft,1
"Hood Industries, Inc. (Silver Creek, MS)",2x8 | #4 | <NA>ft,1
"Hood Industries, Inc. (Silver Creek, MS)",4x4 | #4 | 10ft,1
"Hood Industries, Inc. (Silver Creek, MS)",4x4 | #4 | 12ft,1
"Hood Industries, Inc. (Silver Creek, MS)",4x4 | #4 | 8ft,1
"Hunt Forest Products, LLC (Pollock, LA)",4x4 | #4 | 8ft,1
"Interfor US, Inc (Baxley, GA)",2x4 | #4 | 6ft,5
"Interfor US, Inc (Baxley, GA)",2x12 | #3 | 12ft,3
"Interfor US, Inc (Baxley, GA)",2x8 | #3 | 10ft,3
"Interfor US, Inc (Baxley, GA)",2x12 | #3 | 8ft,1
"Interfor US, Inc (Baxley, GA)",2x4 | #4 | 10ft,1
"Interfor US, Inc (Baxley, GA)",2x4 | #4 | 12ft,1
"Interfor US, Inc (Baxley, GA)",2x4 | #4 | 14ft,1
"Interfor US, Inc (Baxley, GA)",2x4 | #4 | 16ft,1
"Interfor US, Inc (Bay Springs, MS)",2x4 | #4 | <NA>ft,36
"Interfor US, Inc (Bay Springs, MS)",2x4 | #4 | 16ft,26
"Interfor US, Inc (Bay Springs, MS)",2x4 | #4 | 14ft,23
"Interfor US, Inc (Bay Springs, MS)",2x4 | #4 | 10ft,22
"Interfor US, Inc (Bay Springs, MS)",2x4 | #4 | 12ft,21
"Interfor US, Inc (Bay Springs, MS)",2x4 | #4 | 8ft,18
"Interfor US, Inc (Bay Springs, MS)",2x4 | #3 | 8ft,14
"Interfor US, Inc (Bay Springs, MS)",2x4 | #3 | 10ft,3
"Interfor US, Inc (Bay Springs, MS)",2x4 | #3 | 12ft,2
"Interfor US, Inc (Bay Springs, MS)",2x4 | #3 | 14ft,2
"Interfor US, Inc (Bay Springs, MS)",2x4 | #3 | 16ft,1
"Interfor US, Inc (Bay Springs, MS)",2x4 | #4 | 6ft,1
"Interfor US, Inc (Bay Springs, MS)",2x6 | #4 | 6ft,1
"Interfor US, Inc (Bay Springs, MS)",2x6 | #4 | <NA>ft,1
"Interfor US, Inc (Belk, AL)",2x4 | #4 | 10ft,14
"Interfor US, Inc (Belk, AL)",2x4 | #4 | 8ft,14
"Interfor US, Inc (Belk, AL)",2x4 | #4 | 14ft,12
"Interfor US, Inc (Belk, AL)",2x4 | #4 | 16ft,11
"Interfor US, Inc (Belk, AL)",2x4 | #4 | <NA>ft,11
"Interfor US, Inc (Belk, AL)",2x4 | #4 | 12ft,9
"Interfor US, Inc (Belk, AL)",2x4 | #3 | 8ft,5
"Interfor US, Inc (Belk, AL)",2x4 | #3 | 12ft,3
"Interfor US, Inc (Belk, AL)",2x4 | #3 | 16ft,3
"Interfor US, Inc (Belk, AL)",2x4 | #4 | 6ft,3
"Interfor US, Inc (Belk, AL)",2x4 | #3 | 10ft,1
"Interfor US, Inc (Belk, AL)",2x4 | #3 | 14ft,1
"Interfor US, Inc (Belk, AL)",2x6 | #4 | 10ft,1
"Interfor US, Inc (Dequincy, LA)",2x4 | #3 | 8ft,17
"Interfor US, Inc (Dequincy, LA)",2x4 | #3 | 12ft,12
"Interfor US, Inc (Dequincy, LA)",2x4 | #3 | 10ft,11
"Interfor US, Inc (Dequincy, LA)",2x4 | #4 | 14ft,3
"Interfor US, Inc (Dequincy, LA)",2x6 | #3 | 10ft,2
"Interfor US, Inc (Dequincy, LA)",2x6 | #3 | 8ft,2
"Interfor US, Inc (Dequincy, LA)",2x12 | #3 | 10ft,1
"Interfor US, Inc (Dequincy, LA)",2x12 | #3 | 12ft,1
"Interfor US, Inc (Dequincy, LA)",2x12 | #3 | 14ft,1
"Interfor US, Inc (Dequincy, LA)",2x12 | #3 | 16ft,1
"Interfor US, Inc (Dequincy, LA)",2x12 | #3 | 8ft,1
"Interfor US, Inc (Dequincy, LA)",2x4 | #3 | 14ft,1
"Interfor US, Inc (Dequincy, LA)",2x4 | #3 | 16ft,1
"Interfor US, Inc (Dequincy, LA)",2x4 | #4 | 6ft,1
"Interfor US, Inc (Dequincy, LA)",2x4 | #4 | <NA>ft,1
"Interfor US, Inc (Dequincy, LA)",2x6 | #3 | 12ft,1
"Interfor US, Inc (Dequincy, LA)",2x6 | #3 | 14ft,1
"Interfor US, Inc (Dequincy, LA)",2x6 | #3 | 16ft,1
"Interfor US, Inc (Dequincy, LA)",2x8 | #3 | 10ft,1
"Interfor US, Inc (Dequincy, LA)",2x8 | #3 | 12ft,1
"Interfor US, Inc (Dequincy, LA)",2x8 | #3 | 14ft,1
"Interfor US, Inc (Dequincy, LA)",2x8 | #3 | 16ft,1
"Interfor US, Inc (Dequincy, LA)",2x8 | #3 | 8ft,1
"Interfor US, Inc (Dequincy, LA)",2x8 | #4 | 10ft,1
"Interfor US, Inc (Dequincy, LA)",2x8 | #4 | 16ft,1
"Interfor US, Inc (Dequincy, LA)",2x8 | #4 | 6ft,1
"Interfor US, Inc (Dequincy, LA)",2x8 | #4 | 8ft,1
"Interfor US, Inc (Eatonton, GA)",2x4 | #3 | 10ft,1
"Interfor US, Inc (Eatonton, GA)",2x4 | #3 | 12ft,1
"Interfor US, Inc (Eatonton, GA)",2x4 | #3 | 14ft,1
"Interfor US, Inc (Eatonton, GA)",2x4 | #3 | 8ft,1
"Interfor US, Inc (Eatonton, GA)",2x4 | #4 | 14ft,1
"Interfor US, Inc (Monticello, AR)",2x4 | #4 | 8ft,17
"Interfor US, Inc (Monticello, AR)",2x4 | #3 | 8ft,3
"Interfor US, Inc (Monticello, AR)",2x4 | #4 | 10ft,3
"Interfor US, Inc (Monticello, AR)",2x6 | #4 | 8ft,2
"Interfor US, Inc (Monticello, AR)",2x4 | #4 | 6ft,1
"Interfor US, Inc (Perry, GA)",2x4 | #4 | 10ft,6
"Interfor US, Inc (Perry, GA)",2x10 | #4 | 14ft,5
"Interfor US, Inc (Perry, GA)",2x4 | #4 | 12ft,5
"Interfor US, Inc (Perry, GA)",2x4 | #4 | 16ft,5
"Interfor US, Inc (Perry, GA)",2x4 | #4 | 8ft,5
"Interfor US, Inc (Perry, GA)",2x10 | #4 | 12ft,4
"Interfor US, Inc (Perry, GA)",2x4 | #4 | 14ft,4
"Interfor US, Inc (Perry, GA)",2x10 | #4 | 10ft,3
"Interfor US, Inc (Perry, GA)",2x10 | #4 | 16ft,3
"Interfor US, Inc (Perry, GA)",2x8 | #3 | 12ft,3
"Interfor US, Inc (Perry, GA)",2x12 | #4 | <NA>ft,1
"Interfor US, Inc (Preston, GA)",2x4 | #4 | 10ft,5
"Interfor US, Inc (Preston, GA)",2x4 | #4 | 16ft,5
"Interfor US, Inc (Preston, GA)",2x4 | #4 | 8ft,5
"Interfor US, Inc (Preston, GA)",2x4 | #4 | 12ft,4
"Interfor US, Inc (Preston, GA)",2x10 | #3 | 10ft,2
"Interfor US, Inc (Preston, GA)",2x10 | #3 | 12ft,2
"Interfor US, Inc (Preston, GA)",2x10 | #3 | 14ft,2
"Interfor US, Inc (Preston, GA)",2x10 | #3 | 16ft,2
"Interfor US, Inc (Preston, GA)",2x4 | #4 | 14ft,2
"Interfor US, Inc (Preston, GA)",2x12 | #4 | <NA>ft,1
"Interfor US, Inc (Preston, GA)",2x4 | #3 | 10ft,1
"Interfor US, Inc (Preston, GA)",2x4 | #3 | 8ft,1
"Interfor US, Inc (Preston, GA)",2x4 | #4 | 6ft,1
"Interfor US, Inc (Preston, GA)",2x8 | #3 | 12ft,1
"Interfor US, Inc (Preston, GA)",2x8 | #3 | 8ft,1
"Interfor US, Inc (Swainsboro, GA)",2x4 | #4 | 10ft,15
"Interfor US, Inc (Swainsboro, GA)",2x4 | #4 | 8ft,15
"Interfor US, Inc (Swainsboro, GA)",2x4 | #4 | 12ft,13
"Interfor US, Inc (Swainsboro, GA)",2x4 | #4 | 14ft,11
"Interfor US, Inc (Swainsboro, GA)",2x4 | #4 | 16ft,10
"Interfor US, Inc (Thomaston, GA)",2x8 | #3 | 8ft,1
"Jack Batte and Sons, Inc. (Forest, MS)",4x6 | #4 | 16ft,10
"Jack Batte and Sons, Inc. (Forest, MS)",4x6 | #4 | 8ft,9
"Jack Batte and Sons, Inc. (Forest, MS)",4x6 | #4 | 10ft,7
"Jack Batte and Sons, Inc. (Forest, MS)",4x6 | #4 | 12ft,7
"Jack Batte and Sons, Inc. (Forest, MS)",4x6 | #4 | 14ft,6
"Jack Batte and Sons, Inc. (Forest, MS)",6x6 | #4 | 10ft,3
"Jack Batte and Sons, Inc. (Forest, MS)",6x6 | #4 | 12ft,2
"Jack Batte and Sons, Inc. (Forest, MS)",4x6 | #4 | <NA>ft,1
"Jack Batte and Sons, Inc. (Forest, MS)",6x6 | #4 | 8ft,1
"Jack Batte and Sons, Inc. (Forest, MS)",6x6 | #4 | <NA>ft,1
"Jasper Lumber Co, Inc (Jasper, AL)",2x4 | #3 | 8ft,2
"Jasper Lumber Co, Inc (Jasper, AL)",2x6 | #3 | 8ft,1
"Jordan Lumber & Supply, Inc (Mt. Gilead, NC)",2x6 | #4 | <NA>ft,1
"King Lumber - Lincoln Lumber Miss. LLC DBA (Forest, MS)",1x4 | #3 | 14ft,1
"King Lumber - Lincoln Lumber Miss. LLC DBA (Forest, MS)",1x4 | #3 | 8ft,1
"King Lumber - Lincoln Lumber Miss. LLC DBA (Forest, MS)",1x6 | #3 | 12ft,1
"KyKenKee, Inc (Vance, AL)",4x4 | #4 | 10ft,5
"KyKenKee, Inc (Vance, AL)",4x4 | #4 | 8ft,5
"KyKenKee, Inc (Vance, AL)",4x4 | #3 | 8ft,2
"KyKenKee, Inc (Vance, AL)",1x4 | #4 | 8ft,1
"KyKenKee, Inc (Vance, AL)",2x4 | #4 | 8ft,1
"KyKenKee, Inc (Vance, AL)",4x4 | #4 | 12ft,1
"KyKenKee, Inc (Vance, AL)",6x6 | #4 | 8ft,1
"LaSalle Lumber Company, LLC (Olla, LA)",2x4 | #3 | 8ft,103
"LaSalle Lumber Company, LLC (Olla, LA)",2x4 | #3 | 10ft,52
"LaSalle Lumber Company, LLC (Olla, LA)",2x4 | #4 | 10ft,45
"LaSalle Lumber Company, LLC (Olla, LA)",2x6 | #3 | 10ft,41
"LaSalle Lumber Company, LLC (Olla, LA)",2x6 | #3 | 8ft,31
"LaSalle Lumber Company, LLC (Olla, LA)",2x4 | #4 | 16ft,20
"LaSalle Lumber Company, LLC (Olla, LA)",2x4 | #4 | 8ft,20
"LaSalle Lumber Company, LLC (Olla, LA)",2x6 | #4 | 10ft,19
"LaSalle Lumber Company, LLC (Olla, LA)",2x4 | #4 | 12ft,18
"LaSalle Lumber Company, LLC (Olla, LA)",2x4 | #3 | 12ft,14
"LaSalle Lumber Company, LLC (Olla, LA)",2x6 | #4 | 8ft,14
"LaSalle Lumber Company, LLC (Olla, LA)",2x4 | #4 | 14ft,13
"LaSalle Lumber Company, LLC (Olla, LA)",2x6 | #4 | 16ft,13
"LaSalle Lumber Company, LLC (Olla, LA)",2x6 | #3 | 20ft,7
"LaSalle Lumber Company, LLC (Olla, LA)",2x8 | #3 | 10ft,6
"LaSalle Lumber Company, LLC (Olla, LA)",2x8 | #4 | 16ft,6
"LaSalle Lumber Company, LLC (Olla, LA)",2x6 | #4 | 12ft,5
"LaSalle Lumber Company, LLC (Olla, LA)",2x8 | #4 | 10ft,5
"LaSalle Lumber Company, LLC (Olla, LA)",2x8 | #4 | 12ft,5
"LaSalle Lumber Company, LLC (Olla, LA)",2x8 | #4 | 8ft,5
"LaSalle Lumber Company, LLC (Olla, LA)",2x6 | #3 | 12ft,4
"LaSalle Lumber Company, LLC (Olla, LA)",2x8 | #3 | 8ft,4
"LaSalle Lumber Company, LLC (Olla, LA)",2x6 | #4 | 14ft,3
"LaSalle Lumber Company, LLC (Olla, LA)",2x8 | #3 | 14ft,3
"LaSalle Lumber Company, LLC (Olla, LA)",2x8 | #4 | 14ft,3
"LaSalle Lumber Company, LLC (Olla, LA)",2x6 | #3 | 18ft,2
"LaSalle Lumber Company, LLC (Olla, LA)",2x8 | #3 | 12ft,2
"LaSalle Lumber Company, LLC (Olla, LA)",2x4 | #3 | 14ft,1
"LaSalle Lumber Company, LLC (Olla, LA)",2x8 | #3 | 18ft,1
"LaSalle Lumber Company, LLC (Olla, LA)",2x8 | #3 | 20ft,1
"Leesville Lumber (Leesville, LA)",2x4 | #3 | 10ft,4
"Leesville Lumber (Leesville, LA)",2x4 | #3 | 12ft,1
"Leesville Lumber (Leesville, LA)",2x4 | #3 | 14ft,1
"Leesville Lumber (Leesville, LA)",2x4 | #3 | 8ft,1
"Littrell Lumber Mill, Inc (Decatur, AL)",6x6 | #4 | 10ft,3
"Littrell Lumber Mill, Inc (Decatur, AL)",6x6 | #4 | 12ft,3
"Littrell Lumber Mill, Inc (Decatur, AL)",6x6 | #4 | 8ft,3
"Littrell Lumber Mill, Inc (Decatur, AL)",1x4 | #4 | <NA>ft,1
"Littrell Lumber Mill, Inc (Decatur, AL)",1x6 | #4 | <NA>ft,1
"M C Dixon Lumber Co, Inc (Eufaula, AL)",4x4 | #4 | 8ft,1
"Martco Limited Partnership - Plywood Div (Chopin, LA)",6x6 | #4 | 8ft,35
"Meadwestvaco Corporation (Cottonton, AL)",4x5 | #4 | 8ft,5
"Meadwestvaco Corporation (Cottonton, AL)",6x6 | #3 | 12ft,5
"Meadwestvaco Corporation (Cottonton, AL)",6x6 | #4 | <NA>ft,4
"Meadwestvaco Corporation (Cottonton, AL)",4x6 | #4 | 12ft,3
"Meadwestvaco Corporation (Cottonton, AL)",4x6 | #4 | 16ft,3
"Meadwestvaco Corporation (Cottonton, AL)",4x6 | #4 | 8ft,3
"Meadwestvaco Corporation (Cottonton, AL)",4x6 | #3 | 16ft,2
"Meadwestvaco Corporation (Cottonton, AL)",6x6 | #3 | 10ft,2
"Meadwestvaco Corporation (Cottonton, AL)",4x6 | #3 | 12ft,1
"Meadwestvaco Corporation (Cottonton, AL)",4x6 | #3 | 8ft,1
"Meadwestvaco Corporation (Cottonton, AL)",4x6 | #4 | 10ft,1
"Meadwestvaco Corporation (Cottonton, AL)",4x6 | #4 | 6ft,1
"Meadwestvaco Corporation (Cottonton, AL)",4x6 | #4 | <NA>ft,1
"Meadwestvaco Corporation (Cottonton, AL)",6x6 | #3 | 16ft,1
"Mid South Lumber, Inc (Meridian, MS)",2x4 | #4 | 8ft,17
"Mid South Lumber, Inc (Meridian, MS)",2x4 | #4 | 16ft,13
"Mid South Lumber, Inc (Meridian, MS)",2x6 | #4 | 16ft,8
"Mid South Lumber, Inc (Meridian, MS)",2x4 | #4 | 14ft,7
"Mid South Lumber, Inc (Meridian, MS)",2x4 | #4 | <NA>ft,7
"Mid South Lumber, Inc (Meridian, MS)",2x4 | #3 | 8ft,6
"Mid South Lumber, Inc (Meridian, MS)",2x4 | #4 | 12ft,4
"Mid South Lumber, Inc (Meridian, MS)",2x6 | #4 | 14ft,4
"Mid South Lumber, Inc (Meridian, MS)",2x4 | #4 | 10ft,3
"Mid South Lumber, Inc (Meridian, MS)",2x4 | #4 | 6ft,3
"Mid South Lumber, Inc (Meridian, MS)",2x6 | #3 | 16ft,1
"Mid South Lumber, Inc (Meridian, MS)",2x6 | #4 | 10ft,1
"Mid South Lumber, Inc (Meridian, MS)",2x6 | #4 | 12ft,1
"Mid South Lumber, Inc (Meridian, MS)",2x6 | #4 | 6ft,1
"Mid South Lumber, Inc (Meridian, MS)",2x6 | #4 | 8ft,1
"Mid South Lumber, Inc (Meridian, MS)",2x6 | #4 | <NA>ft,1
"Mid South Lumber, Inc (Meridian, MS)",2x8 | #4 | 10ft,1
"Mid South Lumber, Inc (Meridian, MS)",2x8 | #4 | 14ft,1
"Mid South Lumber, Inc (Meridian, MS)",2x8 | #4 | 8ft,1
"Mid South Lumber, Inc (Meridian, MS)",2x8 | #4 | <NA>ft,1
"Mission Forest Products, LP (Corinth, MS)",2x4 | #4 | 8ft,31
"Mission Forest Products, LP (Corinth, MS)",2x4 | #4 | 6ft,13
"Mission Forest Products, LP (Corinth, MS)",2x4 | #4 | 12ft,12
"Mission Forest Products, LP (Corinth, MS)",2x4 | #3 | 10ft,11
"Mission Forest Products, LP (Corinth, MS)",2x4 | #4 | 10ft,10
"Mission Forest Products, LP (Corinth, MS)",2x4 | #3 | 8ft,7
"Mission Forest Products, LP (Corinth, MS)",2x4 | #4 | 14ft,7
"Mission Forest Products, LP (Corinth, MS)",2x6 | #3 | 8ft,6
"Mission Forest Products, LP (Corinth, MS)",2x6 | #4 | 8ft,6
"Mission Forest Products, LP (Corinth, MS)",2x8 | #4 | 12ft,4
"Mission Forest Products, LP (Corinth, MS)",2x6 | #4 | 16ft,3
"Mission Forest Products, LP (Corinth, MS)",2x4 | #3 | 14ft,2
"Mission Forest Products, LP (Corinth, MS)",2x4 | #4 | <NA>ft,2
"Mission Forest Products, LP (Corinth, MS)",2x6 | #3 | 10ft,2
"Mission Forest Products, LP (Corinth, MS)",2x6 | #4 | 10ft,2
"Mission Forest Products, LP (Corinth, MS)",2x6 | #4 | 14ft,2
"Mission Forest Products, LP (Corinth, MS)",2x6 | #4 | <NA>ft,2
"Mission Forest Products, LP (Corinth, MS)",2x8 | #4 | 8ft,2
"Mission Forest Products, LP (Corinth, MS)",2x4 | #3 | 16ft,1
"Mission Forest Products, LP (Corinth, MS)",2x6 | #3 | 14ft,1
"Mission Forest Products, LP (Corinth, MS)",2x6 | #4 | 12ft,1
"Mission Forest Products, LP (Corinth, MS)",2x8 | #4 | 10ft,1
"Mission Forest Products, LP (Corinth, MS)",2x8 | #4 | 6ft,1
"Mission Forest Products, LP (Corinth, MS)",2x8 | #4 | <NA>ft,1
"Pinecrest Lbr / Green Bay Packaging (Plumerville, AR)",4x4 | #4 | 8ft,37
"Pinecrest Lbr / Green Bay Packaging (Plumerville, AR)",4x4 | #4 | 12ft,29
"Pinecrest Lbr / Green Bay Packaging (Plumerville, AR)",4x4 | #4 | 10ft,25
"Pinecrest Lbr / Green Bay Packaging (Plumerville, AR)",4x4 | #4 | 14ft,23
"Pinecrest Lbr / Green Bay Packaging (Plumerville, AR)",4x4 | #4 | 16ft,17
"Pinecrest Lbr / Green Bay Packaging (Plumerville, AR)",4x6 | #4 | 8ft,12
"Pinecrest Lbr / Green Bay Packaging (Plumerville, AR)",4x6 | #4 | 10ft,11
"Pinecrest Lbr / Green Bay Packaging (Plumerville, AR)",4x6 | #4 | 12ft,11
"Pinecrest Lbr / Green Bay Packaging (Plumerville, AR)",4x6 | #4 | 14ft,11
"Pinecrest Lbr / Green Bay Packaging (Plumerville, AR)",4x6 | #4 | 16ft,10
"Pinecrest Lbr / Green Bay Packaging (Plumerville, AR)",4x4 | #3 | 8ft,5
"Pinecrest Lbr / Green Bay Packaging (Plumerville, AR)",2x6 | #4 | 10ft,4
"Pinecrest Lbr / Green Bay Packaging (Plumerville, AR)",2x6 | #4 | 8ft,4
"Pinecrest Lbr / Green Bay Packaging (Plumerville, AR)",2x4 | #4 | 10ft,3
"Pinecrest Lbr / Green Bay Packaging (Plumerville, AR)",2x4 | #4 | 12ft,3
"Pinecrest Lbr / Green Bay Packaging (Plumerville, AR)",2x4 | #4 | 14ft,3
"Pinecrest Lbr / Green Bay Packaging (Plumerville, AR)",2x4 | #4 | 8ft,3
"Pinecrest Lbr / Green Bay Packaging (Plumerville, AR)",2x6 | #4 | 12ft,3
"Pinecrest Lbr / Green Bay Packaging (Plumerville, AR)",2x6 | #4 | 14ft,3
"Pinecrest Lbr / Green Bay Packaging (Plumerville, AR)",2x6 | #4 | 16ft,3
"Pinecrest Lbr / Green Bay Packaging (Plumerville, AR)",4x4 | #3 | 12ft,3
"Pinecrest Lbr / Green Bay Packaging (Plumerville, AR)",4x4 | #3 | 14ft,3
"Pinecrest Lbr / Green Bay Packaging (Plumerville, AR)",4x4 | #3 | 16ft,3
"Pinecrest Lbr / Green Bay Packaging (Plumerville, AR)",2x4 | #4 | 16ft,2
"Pinecrest Lbr / Green Bay Packaging (Plumerville, AR)",4x4 | #3 | 10ft,2
"Pinecrest Lbr / Green Bay Packaging (Plumerville, AR)",4x6 | #3 | 12ft,1
"Potlatch Land & Lumber, LLC (Ola, AR)",2x8 | #3 | 12ft,2
"Potlatch Land & Lumber, LLC (Ola, AR)",2x6 | #3 | 10ft,1
"Potlatch Land & Lumber, LLC (Ola, AR)",2x8 | #3 | 10ft,1
"Potlatch Land & Lumber, LLC (Ola, AR)",2x8 | #3 | 14ft,1
"Potlatch Land & Lumber, LLC (Ola, AR)",2x8 | #3 | 8ft,1
"Potlatch Land & Lumber, LLC (Ola, AR)",2x8 | #4 | 12ft,1
"Potlatch Land & Lumber, LLC (Ola, AR)",2x8 | #4 | 16ft,1
"Potlatch Land & Lumber, LLC (Ola, AR)",2x8 | #4 | 8ft,1
"Potlatch Land & Lumber, LLC (Ola, AR)",4x6 | #4 | 6ft,1
"Potlatch Land & Lumber, LLC (Ola, AR)",4x6 | #4 | <NA>ft,1
"Potlatch Land & Lumber, LLC (Waldo, AR)",2x6 | #4 | 10ft,2
"Potlatch Land & Lumber, LLC (Waldo, AR)",2x12 | #4 | 16ft,1
"Potlatch Land & Lumber, LLC (Waldo, AR)",2x6 | #3 | 8ft,1
"Potlatch Land & Lumber, LLC (Waldo, AR)",2x6 | #4 | 14ft,1
"Potlatch Land & Lumber, LLC (Waldo, AR)",2x8 | #3 | 8ft,1
"Potlatch Land & Lumber, LLC (Waldo, AR)",2x8 | #4 | 12ft,1
"Potlatch Land & Lumber, LLC (Warren, AR)",2x8 | #3 | 8ft,4
"Potlatch Land & Lumber, LLC (Warren, AR)",2x12 | #4 | 10ft,1
"Potlatch Land & Lumber, LLC (Warren, AR)",2x12 | #4 | 12ft,1
"Potlatch Land & Lumber, LLC (Warren, AR)",2x12 | #4 | 14ft,1
"Potlatch Land & Lumber, LLC (Warren, AR)",2x12 | #4 | 16ft,1
"Potlatch Land & Lumber, LLC (Warren, AR)",2x12 | #4 | 8ft,1
"Potlatch Land & Lumber, LLC (Warren, AR)",2x6 | #4 | 10ft,1
"Potlatch Land & Lumber, LLC (Warren, AR)",2x8 | #3 | 10ft,1
"Randy Miller Lumber Co, Inc (Wilkesboro, NC)",1x4 | #3 | 10ft,1
"Randy Miller Lumber Co, Inc (Wilkesboro, NC)",1x4 | #3 | 12ft,1
"Randy Miller Lumber Co, Inc (Wilkesboro, NC)",1x4 | #3 | 16ft,1
"Resolute FP US, Inc (Glenwood, AR)",2x8 | #3 | 12ft,1
"Resolute FP US, Inc (Glenwood, AR)",2x8 | #3 | 14ft,1
"Resolute FP US, Inc (Glenwood, AR)",2x8 | #3 | 16ft,1
"Rex Lumber Troy, LLC (Troy, AL)",2x6 | #4 | 8ft,5
"Rex Lumber Troy, LLC (Troy, AL)",2x12 | #3 | 8ft,1
"Rex Lumber Troy, LLC (Troy, AL)",2x6 | #3 | 10ft,1
"Rex Lumber Troy, LLC (Troy, AL)",2x6 | #3 | 12ft,1
"Rex Lumber Troy, LLC (Troy, AL)",2x6 | #3 | 14ft,1
"Rex Lumber Troy, LLC (Troy, AL)",2x6 | #3 | 16ft,1
"Rex Lumber Troy, LLC (Troy, AL)",2x6 | #3 | 8ft,1
"Rex Lumber-Brookhaven (Brookhaven, MS)",2x6 | #3 | 8ft,3
"Rex Lumber-Brookhaven (Brookhaven, MS)",2x4 | #4 | 8ft,2
"Rex Lumber-Brookhaven (Brookhaven, MS)",2x4 | #4 | 10ft,1
"Rex Lumber-Brookhaven (Brookhaven, MS)",2x4 | #4 | 12ft,1
"Shuqualak Lumber Co., Inc. (Shuqualak, MS)",2x12 | #4 | <NA>ft,20
"Shuqualak Lumber Co., Inc. (Shuqualak, MS)",2x8 | #4 | <NA>ft,7
"Shuqualak Lumber Co., Inc. (Shuqualak, MS)",2x12 | #4 | 6ft,3
"Shuqualak Lumber Co., Inc. (Shuqualak, MS)",2x10 | #4 | <NA>ft,2
"Shuqualak Lumber Co., Inc. (Shuqualak, MS)",2x8 | #4 | 6ft,2
"Shuqualak Lumber Co., Inc. (Shuqualak, MS)",2x10 | #4 | 10ft,1
"Shuqualak Lumber Co., Inc. (Shuqualak, MS)",2x10 | #4 | 6ft,1
"Snider Industries, LLP (Marshall, TX)",1x12 | #3 | 14ft,2
"Snider Industries, LLP (Marshall, TX)",1x4 | #3 | 10ft,2
"Snider Industries, LLP (Marshall, TX)",1x8 | #3 | 14ft,2
"Snider Industries, LLP (Marshall, TX)",1x10 | #3 | 14ft,1
"Snider Industries, LLP (Marshall, TX)",1x12 | #3 | 16ft,1
"Snider Industries, LLP (Marshall, TX)",1x8 | #3 | 12ft,1
"Snider Industries, LLP (Marshall, TX)",1x8 | #3 | 16ft,1
"Southeast Forest Products Mfg, Inc (Louisville, AL)",6x6 | #4 | 16ft,26
"Southeast Forest Products Mfg, Inc (Louisville, AL)",6x6 | #4 | 12ft,5
"Southeast Forest Products Mfg, Inc (Louisville, AL)",6x6 | #4 | 10ft,4
"Southeast Forest Products Mfg, Inc (Louisville, AL)",6x6 | #4 | 14ft,4
"Southeast Forest Products Mfg, Inc (Louisville, AL)",4x4 | #4 | <NA>ft,3
"Southeast Forest Products Mfg, Inc (Louisville, AL)",2x4 | #3 | 10ft,1
"Southeast Forest Products Mfg, Inc (Louisville, AL)",2x4 | #4 | <NA>ft,1
"Southeast Forest Products Mfg, Inc (Louisville, AL)",2x6 | #4 | 16ft,1
"Southeast Forest Products Mfg, Inc (Louisville, AL)",4x4 | #4 | 10ft,1
"Southeast Forest Products Mfg, Inc (Louisville, AL)",4x6 | #4 | 14ft,1
"Southeast Forest Products Mfg, Inc (Louisville, AL)",4x6 | #4 | 8ft,1
"Southeastern Timber Products, LLC (Ackerman, MS)",4x6 | #4 | 10ft,42
"Southeastern Timber Products, LLC (Ackerman, MS)",4x6 | #4 | 8ft,37
"Southeastern Timber Products, LLC (Ackerman, MS)",4x6 | #4 | 12ft,36
"Southeastern Timber Products, LLC (Ackerman, MS)",2x4 | #4 | 10ft,27
"Southeastern Timber Products, LLC (Ackerman, MS)",2x4 | #4 | 12ft,26
"Southeastern Timber Products, LLC (Ackerman, MS)",4x6 | #4 | 16ft,24
"Southeastern Timber Products, LLC (Ackerman, MS)",2x4 | #4 | 8ft,23
"Southeastern Timber Products, LLC (Ackerman, MS)",2x4 | #4 | 14ft,22
"Southeastern Timber Products, LLC (Ackerman, MS)",2x4 | #4 | 16ft,22
"Southeastern Timber Products, LLC (Ackerman, MS)",4x4 | #4 | 10ft,20
"Southeastern Timber Products, LLC (Ackerman, MS)",4x4 | #4 | 12ft,20
"Southeastern Timber Products, LLC (Ackerman, MS)",4x4 | #4 | 16ft,20
"Southeastern Timber Products, LLC (Ackerman, MS)",4x4 | #4 | 14ft,17
"Southeastern Timber Products, LLC (Ackerman, MS)",4x6 | #4 | 14ft,16
"Southeastern Timber Products, LLC (Ackerman, MS)",4x4 | #4 | 8ft,10
"Southeastern Timber Products, LLC (Ackerman, MS)",2x4 | #3 | 16ft,9
"Southeastern Timber Products, LLC (Ackerman, MS)",2x6 | #4 | 16ft,9
"Southeastern Timber Products, LLC (Ackerman, MS)",2x6 | #4 | 8ft,9
"Southeastern Timber Products, LLC (Ackerman, MS)",2x6 | #4 | 10ft,8
"Southeastern Timber Products, LLC (Ackerman, MS)",4x4 | #4 | <NA>ft,8
"Southeastern Timber Products, LLC (Ackerman, MS)",2x6 | #4 | 12ft,7
"Southeastern Timber Products, LLC (Ackerman, MS)",2x4 | #3 | 10ft,3
"Southeastern Timber Products, LLC (Ackerman, MS)",2x4 | #3 | 12ft,2
"Southeastern Timber Products, LLC (Ackerman, MS)",2x4 | #3 | 8ft,2
"Southeastern Timber Products, LLC (Ackerman, MS)",2x4 | #4 | 6ft,2
"Southeastern Timber Products, LLC (Ackerman, MS)",2x4 | #4 | <NA>ft,2
"Southeastern Timber Products, LLC (Ackerman, MS)",2x6 | #3 | 10ft,2
"Southeastern Timber Products, LLC (Ackerman, MS)",4x4 | #4 | 6ft,1
"Southern Lumber Company, Inc. (Hermanville, MS)",2x12 | #4 | <NA>ft,11
"Southern Lumber Company, Inc. (Hermanville, MS)",2x12 | #4 | 12ft,4
"Southern Lumber Company, Inc. (Hermanville, MS)",2x12 | #3 | 8ft,3
"Southern Lumber Company, Inc. (Hermanville, MS)",2x12 | #4 | 10ft,3
"Southern Lumber Company, Inc. (Hermanville, MS)",2x12 | #4 | 14ft,3
"Southern Lumber Company, Inc. (Hermanville, MS)",2x12 | #4 | 8ft,3
"Southern Lumber Company, Inc. (Hermanville, MS)",2x12 | #3 | 12ft,2
"Southern Lumber Company, Inc. (Hermanville, MS)",2x12 | #3 | 16ft,2
"Southern Lumber Company, Inc. (Hermanville, MS)",2x12 | #4 | 16ft,2
"Southern Lumber Company, Inc. (Hermanville, MS)",2x4 | #4 | 12ft,2
"Southern Lumber Company, Inc. (Hermanville, MS)",2x10 | #3 | 10ft,1
"Southern Lumber Company, Inc. (Hermanville, MS)",2x10 | #3 | 12ft,1
"Southern Lumber Company, Inc. (Hermanville, MS)",2x10 | #3 | 14ft,1
"Southern Lumber Company, Inc. (Hermanville, MS)",2x10 | #3 | 16ft,1
"Southern Lumber Company, Inc. (Hermanville, MS)",2x10 | #3 | 8ft,1
"Southern Lumber Company, Inc. (Hermanville, MS)",2x10 | #4 | 6ft,1
"Southern Lumber Company, Inc. (Hermanville, MS)",2x12 | #3 | 10ft,1
"Southern Lumber Company, Inc. (Hermanville, MS)",2x12 | #3 | 14ft,1
"Southern Lumber Company, Inc. (Hermanville, MS)",2x4 | #4 | 16ft,1
"Southern Lumber Company, Inc. (Hermanville, MS)",2x4 | #4 | 8ft,1
"Southern Lumber Company, Inc. (Hermanville, MS)",2x6 | #4 | 12ft,1
"Southern Lumber Company, Inc. (Hermanville, MS)",2x6 | #4 | 14ft,1
"Southern Lumber Company, Inc. (Hermanville, MS)",2x8 | #4 | 10ft,1
"Southern Lumber Company, Inc. (Hermanville, MS)",2x8 | #4 | 14ft,1
"Southern Lumber Company, Inc. (Hermanville, MS)",2x8 | #4 | 16ft,1
"Southern Lumber Company, Inc. (Hermanville, MS)",2x8 | #4 | 6ft,1
"Southern Lumber Company, Inc. (Hermanville, MS)",2x8 | #4 | 8ft,1
"Spanish Trails Lumber Company (Marianna, FL)",2x4 | #4 | 6ft,2
"Steely Lumber (Huntsville, TX)",1x4 | #4 | 12ft,1
"Steely Lumber (Huntsville, TX)",1x4 | #4 | 14ft,1
"Steely Lumber (Huntsville, TX)",1x4 | #4 | 16ft,1
"T R Miller Co, Inc. (Brewton, AL)",2x12 | #4 | <NA>ft,1
"Trimjoist Corporation (Columbus, MS)",2x4 | #4 | 8ft,8
"Trimjoist Corporation (Columbus, MS)",2x4 | #4 | <NA>ft,7
"Trimjoist Corporation (Columbus, MS)",2x4 | #4 | 6ft,2
"Trimjoist Corporation (Columbus, MS)",2x4 | #3 | 8ft,1
"Two Rivers Lumber Company, LLC (Demopolis, AL)",2x6 | #3 | 16ft,1
"Two Rivers Lumber Company, LLC (Demopolis, AL)",2x6 | #3 | 8ft,1
"Vicksburg Forest Products, LLC (Vicksburg, MS)",2x10 | #4 | 16ft,23
"Vicksburg Forest Products, LLC (Vicksburg, MS)",2x4 | #4 | 10ft,23
"Vicksburg Forest Products, LLC (Vicksburg, MS)",2x4 | #4 | 16ft,23
"Vicksburg Forest Products, LLC (Vicksburg, MS)",2x4 | #4 | 12ft,22
"Vicksburg Forest Products, LLC (Vicksburg, MS)",2x4 | #4 | 14ft,22
"Vicksburg Forest Products, LLC (Vicksburg, MS)",2x4 | #4 | 8ft,21
"Vicksburg Forest Products, LLC (Vicksburg, MS)",2x6 | #4 | 12ft,21
"Vicksburg Forest Products, LLC (Vicksburg, MS)",2x6 | #4 | 14ft,20
"Vicksburg Forest Products, LLC (Vicksburg, MS)",2x10 | #4 | 12ft,17
"Vicksburg Forest Products, LLC (Vicksburg, MS)",2x10 | #4 | 14ft,17
"Vicksburg Forest Products, LLC (Vicksburg, MS)",2x6 | #4 | 16ft,17
"Vicksburg Forest Products, LLC (Vicksburg, MS)",2x10 | #4 | 10ft,16
"Vicksburg Forest Products, LLC (Vicksburg, MS)",2x10 | #4 | 8ft,16
"Vicksburg Forest Products, LLC (Vicksburg, MS)",2x6 | #4 | 10ft,16
"Vicksburg Forest Products, LLC (Vicksburg, MS)",2x8 | #4 | 16ft,15
"Vicksburg Forest Products, LLC (Vicksburg, MS)",4x6 | #4 | 16ft,15
"Vicksburg Forest Products, LLC (Vicksburg, MS)",2x6 | #4 | 8ft,14
"Vicksburg Forest Products, LLC (Vicksburg, MS)",2x8 | #4 | 14ft,14
"Vicksburg Forest Products, LLC (Vicksburg, MS)",4x6 | #4 | 12ft,14
"Vicksburg Forest Products, LLC (Vicksburg, MS)",2x8 | #4 | 12ft,13
"Vicksburg Forest Products, LLC (Vicksburg, MS)",2x8 | #4 | 8ft,11
"Vicksburg Forest Products, LLC (Vicksburg, MS)",2x4 | #3 | 8ft,10
"Vicksburg Forest Products, LLC (Vicksburg, MS)",2x6 | #3 | 10ft,10
"Vicksburg Forest Products, LLC (Vicksburg, MS)",2x8 | #4 | 10ft,10
"Vicksburg Forest Products, LLC (Vicksburg, MS)",2x4 | #4 | 6ft,9
"Vicksburg Forest Products, LLC (Vicksburg, MS)",4x4 | #4 | 12ft,8
"Vicksburg Forest Products, LLC (Vicksburg, MS)",4x4 | #4 | <NA>ft,8
"Vicksburg Forest Products, LLC (Vicksburg, MS)",4x6 | #4 | 8ft,8
"Vicksburg Forest Products, LLC (Vicksburg, MS)",2x6 | #4 | <NA>ft,7
"Vicksburg Forest Products, LLC (Vicksburg, MS)",4x6 | #4 | 10ft,7
"Vicksburg Forest Products, LLC (Vicksburg, MS)",4x6 | #4 | <NA>ft,7
"Vicksburg Forest Products, LLC (Vicksburg, MS)",2x4 | #4 | <NA>ft,6
"Vicksburg Forest Products, LLC (Vicksburg, MS)",4x4 | #4 | 10ft,5
"Vicksburg Forest Products, LLC (Vicksburg, MS)",4x4 | #4 | 16ft,5
"Vicksburg Forest Products, LLC (Vicksburg, MS)",2x6 | #3 | 8ft,4
"Vicksburg Forest Products, LLC (Vicksburg, MS)",4x4 | #4 | 14ft,4
"Vicksburg Forest Products, LLC (Vicksburg, MS)",4x6 | #4 | 6ft,4
"Vicksburg Forest Products, LLC (Vicksburg, MS)",2x10 | #3 | 10ft,3
"Vicksburg Forest Products, LLC (Vicksburg, MS)",2x10 | #3 | 12ft,3
"Vicksburg Forest Products, LLC (Vicksburg, MS)",2x10 | #3 | 14ft,3
"Vicksburg Forest Products, LLC (Vicksburg, MS)",2x10 | #3 | 8ft,3
"Vicksburg Forest Products, LLC (Vicksburg, MS)",2x4 | #3 | 10ft,3
"Vicksburg Forest Products, LLC (Vicksburg, MS)",4x4 | #4 | 8ft,3
"Vicksburg Forest Products, LLC (Vicksburg, MS)",2x10 | #3 | 16ft,2
"Vicksburg Forest Products, LLC (Vicksburg, MS)",2x6 | #3 | 14ft,2
"Vicksburg Forest Products, LLC (Vicksburg, MS)",2x8 | #3 | 12ft,2
"Vicksburg Forest Products, LLC (Vicksburg, MS)",2x8 | #3 | 8ft,2
"Vicksburg Forest Products, LLC (Vicksburg, MS)",4x6 | #4 | 14ft,2
"Vicksburg Forest Products, LLC (Vicksburg, MS)",2x10 | #4 | 6ft,1
"Vicksburg Forest Products, LLC (Vicksburg, MS)",2x6 | #3 | 12ft,1
"Vicksburg Forest Products, LLC (Vicksburg, MS)",2x6 | #4 | 6ft,1
"Vicksburg Forest Products, LLC (Vicksburg, MS)",2x8 | #3 | 10ft,1
"Vicksburg Forest Products, LLC (Vicksburg, MS)",2x8 | #3 | 14ft,1
"Vicksburg Forest Products, LLC (Vicksburg, MS)",2x8 | #3 | 16ft,1
"Vicksburg Forest Products, LLC (Vicksburg, MS)",2x8 | #4 | 6ft,1
"Warren Timbers Company, LLC (Warren, AR)",6x6 | #4 | 12ft,10
"Warren Timbers Company, LLC (Warren, AR)",6x6 | #4 | 10ft,7
"Warren Timbers Company, LLC (Warren, AR)",6x6 | #4 | 8ft,5
"Warren Timbers Company, LLC (Warren, AR)",4x4 | #4 | 10ft,2
"Warren Timbers Company, LLC (Warren, AR)",4x4 | #4 | 12ft,2
"Warren Timbers Company, LLC (Warren, AR)",4x4 | #4 | 8ft,2
"Warren Timbers Company, LLC (Warren, AR)",6x6 | #4 | 14ft,1
"West Fraser Mills Ltd (, )",2x8 | #3 | 16ft,1
"West Fraser Mills Ltd (Dudley, GA)",2x4 | #3 | <NA>ft,1
"West Fraser Mills Ltd (Joyce, LA)",2x8 | #3 | 8ft,4
"West Fraser Mills Ltd (Joyce, LA)",2x10 | #3 | 10ft,3
"West Fraser Mills Ltd (Joyce, LA)",2x10 | #3 | 14ft,3
"West Fraser Mills Ltd (Joyce, LA)",2x10 | #3 | 16ft,3
"West Fraser Mills Ltd (Joyce, LA)",2x10 | #3 | 12ft,2
"West Fraser Mills Ltd (Joyce, LA)",2x10 | #4 | 12ft,2
"West Fraser Mills Ltd (Joyce, LA)",2x10 | #4 | 8ft,2
"West Fraser Mills Ltd (Joyce, LA)",2x8 | #3 | 14ft,2
"West Fraser Mills Ltd (Joyce, LA)",2x8 | #3 | 16ft,2
"West Fraser Mills Ltd (Joyce, LA)",2x10 | #3 | 8ft,1
"West Fraser Mills Ltd (Joyce, LA)",2x10 | #4 | 10ft,1
"West Fraser Mills Ltd (Joyce, LA)",2x4 | #3 | 10ft,1
"West Fraser Mills Ltd (Joyce, LA)",2x8 | #3 | 10ft,1
"West Fraser Mills Ltd (Joyce, LA)",2x8 | #3 | 18ft,1
"West Fraser Mills Ltd (Joyce, LA)",2x8 | #3 | 20ft,1
"West Fraser Mills Ltd (Leola, AR)",2x10 | #4 | 10ft,1
"West Fraser Mills Ltd (Leola, AR)",2x10 | #4 | 12ft,1
"West Fraser Mills Ltd (Leola, AR)",2x10 | #4 | 14ft,1
"West Fraser Mills Ltd (Leola, AR)",2x10 | #4 | 16ft,1
"West Fraser Mills Ltd (Leola, AR)",2x10 | #4 | 8ft,1
"West Fraser Mills Ltd (Leola, AR)",2x6 | #4 | 10ft,1
"West Fraser Mills Ltd (Leola, AR)",2x6 | #4 | 12ft,1
"West Fraser Mills Ltd (Leola, AR)",2x6 | #4 | 16ft,1
"West Fraser Mills Ltd (Leola, AR)",2x6 | #4 | 20ft,1
"West Fraser Mills Ltd (Leola, AR)",2x6 | #4 | 8ft,1
"West Fraser Mills Ltd (Leola, AR)",2x8 | #3 | 16ft,1
"West Fraser Mills Ltd (Leola, AR)",2x8 | #3 | 8ft,1
"West Fraser Mills Ltd (New Boston, TX)",2x10 | #4 | 8ft,11
"West Fraser Mills Ltd (New Boston, TX)",2x10 | #4 | 10ft,10
"West Fraser Mills Ltd (New Boston, TX)",2x10 | #4 | 12ft,10
"West Fraser Mills Ltd (New Boston, TX)",2x12 | #4 | 12ft,10
"West Fraser Mills Ltd (New Boston, TX)",2x12 | #4 | 8ft,10
"West Fraser Mills Ltd (New Boston, TX)",2x10 | #4 | 14ft,9
"West Fraser Mills Ltd (New Boston, TX)",2x12 | #4 | 10ft,9
"West Fraser Mills Ltd (New Boston, TX)",2x12 | #4 | 16ft,9
"West Fraser Mills Ltd (New Boston, TX)",2x10 | #4 | 16ft,8
"West Fraser Mills Ltd (New Boston, TX)",2x4 | #3 | 8ft,6
"West Fraser Mills Ltd (New Boston, TX)",2x8 | #3 | 8ft,5
"West Fraser Mills Ltd (New Boston, TX)",2x8 | #4 | 10ft,5
"West Fraser Mills Ltd (New Boston, TX)",2x8 | #4 | 12ft,5
"West Fraser Mills Ltd (New Boston, TX)",2x8 | #4 | 14ft,5
"West Fraser Mills Ltd (New Boston, TX)",2x8 | #4 | 16ft,5
"West Fraser Mills Ltd (New Boston, TX)",2x8 | #4 | 8ft,5
"West Fraser Mills Ltd (New Boston, TX)",2x12 | #4 | 14ft,4
"West Fraser Mills Ltd (New Boston, TX)",2x6 | #4 | 12ft,4
"West Fraser Mills Ltd (New Boston, TX)",2x6 | #4 | 14ft,4
"West Fraser Mills Ltd (New Boston, TX)",2x6 | #4 | 16ft,4
"West Fraser Mills Ltd (New Boston, TX)",2x6 | #4 | 8ft,4
"West Fraser Mills Ltd (New Boston, TX)",2x10 | #3 | 8ft,2
"West Fraser Mills Ltd (New Boston, TX)",2x8 | #3 | 16ft,2
"West Fraser Mills Ltd (New Boston, TX)",2x10 | #3 | 10ft,1
"West Fraser Mills Ltd (New Boston, TX)",2x10 | #3 | 14ft,1
"West Fraser Mills Ltd (New Boston, TX)",2x10 | #3 | 16ft,1
"West Fraser Mills Ltd (New Boston, TX)",2x12 | #3 | 8ft,1
"West Fraser Mills Ltd (New Boston, TX)",2x6 | #3 | 10ft,1
"West Fraser Mills Ltd (New Boston, TX)",2x6 | #3 | 8ft,1
"West Fraser Mills Ltd. (Henderson, TX)",2x4 | #3 | 8ft,12
"West Fraser Mills Ltd. (Henderson, TX)",2x4 | #3 | 10ft,6
"West Fraser Mills Ltd. (Huttig, AR)",2x8 | #4 | 12ft,9
"West Fraser Mills Ltd. (Huttig, AR)",2x8 | #4 | 16ft,9
"West Fraser Mills Ltd. (Huttig, AR)",2x8 | #4 | 8ft,9
"West Fraser Mills Ltd. (Huttig, AR)",2x8 | #4 | 10ft,8
"West Fraser Mills Ltd. (Huttig, AR)",2x8 | #4 | 14ft,6
"West Fraser Mills Ltd. (Huttig, AR)",2x4 | #4 | 10ft,4
"West Fraser Mills Ltd. (Huttig, AR)",2x4 | #4 | 12ft,4
"West Fraser Mills Ltd. (Huttig, AR)",2x4 | #4 | 14ft,4
"West Fraser Mills Ltd. (Huttig, AR)",2x4 | #4 | 16ft,4
"West Fraser Mills Ltd. (Huttig, AR)",2x4 | #4 | 8ft,4
"West Fraser Mills Ltd. (Huttig, AR)",2x6 | #4 | 10ft,3
"West Fraser Mills Ltd. (Huttig, AR)",2x6 | #4 | 12ft,3
"West Fraser Mills Ltd. (Huttig, AR)",2x6 | #4 | 16ft,3
"West Fraser Mills Ltd. (Huttig, AR)",2x6 | #4 | 8ft,2
"West Fraser Mills Ltd. (Huttig, AR)",2x6 | #4 | 14ft,1
"West Fraser Mills Ltd. (Mansfield, AR)",6x6 | #4 | 12ft,8
"West Fraser Mills Ltd. (Mansfield, AR)",6x6 | #4 | 16ft,8
"West Fraser Mills Ltd. (Mansfield, AR)",4x6 | #4 | 10ft,7
"West Fraser Mills Ltd. (Mansfield, AR)",2x8 | #3 | 10ft,5
"West Fraser Mills Ltd. (Mansfield, AR)",2x8 | #3 | 12ft,5
"West Fraser Mills Ltd. (Mansfield, AR)",2x8 | #3 | 14ft,5
"West Fraser Mills Ltd. (Mansfield, AR)",2x8 | #3 | 16ft,5
"West Fraser Mills Ltd. (Mansfield, AR)",2x8 | #3 | 8ft,5
"West Fraser Mills Ltd. (Mansfield, AR)",2x8 | #4 | 10ft,5
"West Fraser Mills Ltd. (Mansfield, AR)",2x8 | #4 | 12ft,5
"West Fraser Mills Ltd. (Mansfield, AR)",2x8 | #4 | 14ft,5
"West Fraser Mills Ltd. (Mansfield, AR)",2x8 | #4 | 16ft,5
"West Fraser Mills Ltd. (Mansfield, AR)",4x6 | #4 | 12ft,5
"West Fraser Mills Ltd. (Mansfield, AR)",4x6 | #4 | 16ft,5
"West Fraser Mills Ltd. (Mansfield, AR)",6x6 | #4 | 10ft,5
"West Fraser Mills Ltd. (Mansfield, AR)",6x6 | #4 | 14ft,5
"West Fraser Mills Ltd. (Mansfield, AR)",6x6 | #4 | 8ft,5
"West Fraser Mills Ltd. (Mansfield, AR)",2x8 | #4 | 8ft,4
"West Fraser Mills Ltd. (Mansfield, AR)",4x6 | #4 | 14ft,4
"West Fraser Mills Ltd. (Mansfield, AR)",4x6 | #4 | 8ft,4
"West Fraser Mills Ltd. (Mansfield, AR)",2x6 | #4 | 10ft,3
"West Fraser Mills Ltd. (Mansfield, AR)",2x6 | #4 | 12ft,3
"West Fraser Mills Ltd. (Mansfield, AR)",2x6 | #4 | 8ft,3
"West Fraser Mills Ltd. (Mansfield, AR)",2x8 | #3 | 18ft,3
"West Fraser Mills Ltd. (Mansfield, AR)",2x8 | #3 | 20ft,3
"West Fraser Mills Ltd. (Mansfield, AR)",4x6 | #4 | 6ft,3
"West Fraser Mills Ltd. (Mansfield, AR)",4x6 | #4 | <NA>ft,3
"West Fraser Mills Ltd. (Mansfield, AR)",2x10 | #4 | 10ft,2
"West Fraser Mills Ltd. (Mansfield, AR)",2x10 | #4 | 12ft,2
"West Fraser Mills Ltd. (Mansfield, AR)",2x10 | #4 | 14ft,2
"West Fraser Mills Ltd. (Mansfield, AR)",2x10 | #4 | 16ft,2
"West Fraser Mills Ltd. (Mansfield, AR)",2x10 | #4 | 8ft,2
"West Fraser Mills Ltd. (Mansfield, AR)",2x10 | #4 | <NA>ft,1
"West Fraser Mills Ltd. (Mansfield, AR)",2x12 | #4 | 10ft,1
"West Fraser Mills Ltd. (Mansfield, AR)",2x12 | #4 | 12ft,1
"West Fraser Mills Ltd. (Mansfield, AR)",2x12 | #4 | 14ft,1
"West Fraser Mills Ltd. (Mansfield, AR)",2x12 | #4 | 16ft,1
"West Fraser Mills Ltd. (Mansfield, AR)",2x12 | #4 | 8ft,1
"West Fraser Mills Ltd. (Mansfield, AR)",2x6 | #4 | 14ft,1
"West Fraser Mills Ltd. (Mansfield, AR)",6x6 | #4 | 6ft,1
"West Fraser Mills Ltd. (Mansfield, AR)",6x6 | #4 | <NA>ft,1
"West Fraser Mills Ltd. (Maplesville, AL)",2x6 | #3 | 12ft,1
"West Fraser Mills Ltd. (Maplesville, AL)",2x6 | #3 | 14ft,1
"West Fraser Mills Ltd. (Maplesville, AL)",2x6 | #3 | 16ft,1
"West Fraser Mills Ltd. (Maplesville, AL)",2x6 | #3 | 8ft,1
"West Fraser Mills Ltd. (Maplesville, AL)",2x8 | #3 | 10ft,1
"West Fraser Mills Ltd. (Maplesville, AL)",2x8 | #3 | 12ft,1
"West Fraser Mills Ltd. (Maplesville, AL)",2x8 | #3 | 14ft,1
"West Fraser Mills Ltd. (Maplesville, AL)",2x8 | #4 | 8ft,1
"West Fraser Mills Ltd. (Mc David, FL)",2x4 | #4 | 6ft,2
"West Fraser Mills Ltd. (Opelika, AL)",2x6 | #3 | 10ft,3
"West Fraser Mills Ltd. (Opelika, AL)",2x6 | #3 | 12ft,3
"West Fraser Mills Ltd. (Opelika, AL)",2x6 | #3 | 8ft,3
"West Fraser Mills Ltd. (Opelika, AL)",2x8 | #3 | 8ft,3
"West Fraser Mills Ltd. (Opelika, AL)",2x6 | #4 | 14ft,2
"West Fraser Mills Ltd. (Opelika, AL)",2x6 | #4 | 16ft,2
"West Fraser Mills Ltd. (Opelika, AL)",2x6 | #3 | 14ft,1
"West Fraser Mills Ltd. (Opelika, AL)",2x6 | #3 | 16ft,1
"West Fraser Mills Ltd. (Opelika, AL)",2x8 | #3 | 12ft,1
"West Fraser Mills Ltd. (Russellville, AR)",6x6 | #4 | 12ft,10
"West Fraser Mills Ltd. (Russellville, AR)",4x4 | #4 | 10ft,2
"West Fraser Mills Ltd. (Russellville, AR)",4x4 | #4 | 12ft,2
"West Fraser Mills Ltd. (Russellville, AR)",4x4 | #4 | 8ft,2
"West Fraser Mills Ltd. (Russellville, AR)",2x6 | #3 | 20ft,1
"West Fraser Mills Ltd. (Russellville, AR)",2x8 | #3 | 10ft,1
"West Fraser Mills Ltd. (Russellville, AR)",2x8 | #3 | 12ft,1
"West Fraser Mills Ltd. (Russellville, AR)",2x8 | #3 | 14ft,1
"West Fraser Mills Ltd. (Russellville, AR)",2x8 | #3 | 16ft,1
"West Fraser Mills Ltd. (Russellville, AR)",2x8 | #3 | 8ft,1
"West Fraser Mills Ltd. (Russellville, AR)",4x6 | #4 | 10ft,1
"West Fraser Mills Ltd. (Russellville, AR)",4x6 | #4 | 12ft,1
"West Fraser Mills Ltd. (Russellville, AR)",4x6 | #4 | 14ft,1
"West Fraser Mills Ltd. (Russellville, AR)",4x6 | #4 | 16ft,1
"West Fraser Mills Ltd. (Russellville, AR)",6x6 | #4 | 16ft,1
"West Fraser Mills Ltd. (Russellville, AR)",6x6 | #4 | 8ft,1
"Westervelt Lumber Division (Moundville, AL)",6x6 | #4 | 16ft,46
"Westervelt Lumber Division (Moundville, AL)",4x5 | #4 | 14ft,30
"Westervelt Lumber Division (Moundville, AL)",6x6 | #4 | 8ft,28
"Westervelt Lumber Division (Moundville, AL)",2x4 | #3 | 8ft,26
"Westervelt Lumber Division (Moundville, AL)",4x5 | #4 | 8ft,22
"Westervelt Lumber Division (Moundville, AL)",6x6 | #4 | 10ft,16
"Westervelt Lumber Division (Moundville, AL)",6x6 | #4 | 12ft,16
"Westervelt Lumber Division (Moundville, AL)",2x4 | #4 | 8ft,13
"Westervelt Lumber Division (Moundville, AL)",2x10 | #4 | 10ft,12
"Westervelt Lumber Division (Moundville, AL)",2x10 | #4 | 12ft,12
"Westervelt Lumber Division (Moundville, AL)",2x10 | #4 | 16ft,12
"Westervelt Lumber Division (Moundville, AL)",4x5 | #4 | 10ft,12
"Westervelt Lumber Division (Moundville, AL)",2x10 | #4 | 8ft,11
"Westervelt Lumber Division (Moundville, AL)",2x12 | #4 | 10ft,11
"Westervelt Lumber Division (Moundville, AL)",2x12 | #4 | 16ft,11
"Westervelt Lumber Division (Moundville, AL)",2x6 | #4 | 16ft,10
"Westervelt Lumber Division (Moundville, AL)",4x5 | #4 | 12ft,10
"Westervelt Lumber Division (Moundville, AL)",2x12 | #4 | 12ft,9
"Westervelt Lumber Division (Moundville, AL)",2x6 | #4 | 12ft,9
"Westervelt Lumber Division (Moundville, AL)",2x12 | #4 | 14ft,8
"Westervelt Lumber Division (Moundville, AL)",2x12 | #4 | 8ft,8
"Westervelt Lumber Division (Moundville, AL)",2x4 | #4 | 10ft,8
"Westervelt Lumber Division (Moundville, AL)",2x4 | #4 | 12ft,8
"Westervelt Lumber Division (Moundville, AL)",2x6 | #4 | 10ft,8
"Westervelt Lumber Division (Moundville, AL)",2x6 | #4 | 8ft,8
"Westervelt Lumber Division (Moundville, AL)",2x8 | #4 | 16ft,8
"Westervelt Lumber Division (Moundville, AL)",2x10 | #4 | 14ft,7
"Westervelt Lumber Division (Moundville, AL)",2x8 | #4 | 10ft,7
"Westervelt Lumber Division (Moundville, AL)",2x4 | #4 | 16ft,6
"Westervelt Lumber Division (Moundville, AL)",2x8 | #4 | 12ft,6
"Westervelt Lumber Division (Moundville, AL)",2x8 | #4 | 8ft,6
"Westervelt Lumber Division (Moundville, AL)",2x8 | #4 | 14ft,5
"Westervelt Lumber Division (Moundville, AL)",2x4 | #4 | 14ft,3
"Westervelt Lumber Division (Moundville, AL)",2x6 | #4 | 14ft,3
"Westervelt Lumber Division (Moundville, AL)",4x4 | #4 | <NA>ft,3
"Westervelt Lumber Division (Moundville, AL)",4x5 | #4 | 16ft,3
"Westervelt Lumber Division (Moundville, AL)",4x6 | #4 | 8ft,3
"Westervelt Lumber Division (Moundville, AL)",6x6 | #4 | 14ft,3
"Westervelt Lumber Division (Moundville, AL)",2x4 | #3 | 10ft,2
"Westervelt Lumber Division (Moundville, AL)",2x4 | #3 | 12ft,2
"Westervelt Lumber Division (Moundville, AL)",4x6 | #4 | <NA>ft,2
"Westervelt Lumber Division (Moundville, AL)",1x6 | #4 | <NA>ft,1
"Westervelt Lumber Division (Moundville, AL)",2x4 | #3 | 16ft,1
"Westervelt Lumber Division (Moundville, AL)",2x6 | #3 | 8ft,1
"Westervelt Lumber Division (Moundville, AL)",2x8 | #3 | 12ft,1
"Westervelt Lumber Division (Moundville, AL)",2x8 | #3 | 16ft,1
"Westervelt Lumber Division (Moundville, AL)",2x8 | #3 | 8ft,1
"Westervelt Lumber Division (Moundville, AL)",4x4 | #4 | 10ft,1
"Westervelt Lumber Division (Moundville, AL)",4x4 | #4 | 12ft,1
"Westervelt Lumber Division (Moundville, AL)",4x4 | #4 | 14ft,1
"Westervelt Lumber Division (Moundville, AL)",4x4 | #4 | 16ft,1
"Westervelt Lumber Division (Moundville, AL)",4x4 | #4 | 8ft,1
"Westervelt Lumber Division (Thomasville, AL)",2x4 | #3 | 8ft,13
"Westervelt Lumber Division (Thomasville, AL)",2x4 | #4 | 10ft,9
"Westervelt Lumber Division (Thomasville, AL)",2x4 | #4 | 12ft,9
"Westervelt Lumber Division (Thomasville, AL)",2x4 | #4 | 8ft,9
"Westervelt Lumber Division (Thomasville, AL)",2x4 | #4 | 16ft,8
"Westervelt Lumber Division (Thomasville, AL)",2x6 | #4 | 10ft,4
"Westervelt Lumber Division (Thomasville, AL)",2x6 | #4 | 8ft,4
"Westervelt Lumber Division (Thomasville, AL)",2x6 | #4 | 12ft,3
"Westervelt Lumber Division (Thomasville, AL)",2x6 | #4 | 16ft,3
"Westervelt Lumber Division (Thomasville, AL)",2x4 | #4 | 14ft,2
"Westervelt Lumber Division (Thomasville, AL)",2x6 | #4 | 14ft,2
"Westervelt Lumber Division (Thomasville, AL)",2x4 | #4 | 6ft,1
"Westervelt Lumber Division (Thomasville, AL)",2x8 | #3 | 8ft,1
"Westervelt Lumber Division (Thomasville, AL)",2x8 | #4 | 10ft,1
"Westervelt Lumber Division (Thomasville, AL)",2x8 | #4 | 12ft,1
"Westervelt Lumber Division (Thomasville, AL)",2x8 | #4 | 14ft,1
"Westervelt Lumber Division (Thomasville, AL)",2x8 | #4 | 16ft,1
"Westervelt Lumber Division (Thomasville, AL)",2x8 | #4 | 8ft,1
"Weyerhaeuser NR Company (Bruce, MS)",2x4 | #3 | 8ft,190
"Weyerhaeuser NR Company (Bruce, MS)",2x8 | #3 | 8ft,45
"Weyerhaeuser NR Company (Bruce, MS)",2x8 | #3 | 12ft,28
"Weyerhaeuser NR Company (Bruce, MS)",2x6 | #3 | 8ft,17
"Weyerhaeuser NR Company (Bruce, MS)",2x8 | #3 | 16ft,17
"Weyerhaeuser NR Company (Bruce, MS)",2x4 | #4 | <NA>ft,16
"Weyerhaeuser NR Company (Bruce, MS)",2x8 | #3 | 10ft,16
"Weyerhaeuser NR Company (Bruce, MS)",2x12 | #3 | 8ft,14
"Weyerhaeuser NR Company (Bruce, MS)",2x10 | #3 | 8ft,13
"Weyerhaeuser NR Company (Bruce, MS)",2x10 | #4 | <NA>ft,12
"Weyerhaeuser NR Company (Bruce, MS)",2x4 | #3 | 16ft,12
"Weyerhaeuser NR Company (Bruce, MS)",2x8 | #3 | 14ft,12
"Weyerhaeuser NR Company (Bruce, MS)",2x4 | #3 | 18ft,11
"Weyerhaeuser NR Company (Bruce, MS)",2x10 | #4 | 8ft,10
"Weyerhaeuser NR Company (Bruce, MS)",2x12 | #4 | <NA>ft,9
"Weyerhaeuser NR Company (Bruce, MS)",2x4 | #3 | 10ft,8
"Weyerhaeuser NR Company (Bruce, MS)",2x10 | #4 | 12ft,7
"Weyerhaeuser NR Company (Bruce, MS)",2x4 | #4 | 6ft,7
"Weyerhaeuser NR Company (Bruce, MS)",2x8 | #4 | 8ft,7
"Weyerhaeuser NR Company (Bruce, MS)",2x10 | #3 | 12ft,6
"Weyerhaeuser NR Company (Bruce, MS)",2x10 | #3 | 16ft,6
"Weyerhaeuser NR Company (Bruce, MS)",2x10 | #4 | 14ft,6
"Weyerhaeuser NR Company (Bruce, MS)",2x12 | #3 | 12ft,6
"Weyerhaeuser NR Company (Bruce, MS)",2x12 | #3 | 16ft,6
"Weyerhaeuser NR Company (Bruce, MS)",2x8 | #4 | 16ft,6
"Weyerhaeuser NR Company (Bruce, MS)",2x8 | #4 | <NA>ft,6
"Weyerhaeuser NR Company (Bruce, MS)",2x10 | #4 | 16ft,5
"Weyerhaeuser NR Company (Bruce, MS)",2x4 | #3 | 14ft,5
"Weyerhaeuser NR Company (Bruce, MS)",2x8 | #4 | 12ft,5
"Weyerhaeuser NR Company (Bruce, MS)",2x10 | #4 | 6ft,4
"Weyerhaeuser NR Company (Bruce, MS)",2x12 | #3 | 14ft,3
"Weyerhaeuser NR Company (Bruce, MS)",2x6 | #3 | 10ft,3
"Weyerhaeuser NR Company (Bruce, MS)",2x6 | #3 | 12ft,3
"Weyerhaeuser NR Company (Bruce, MS)",2x12 | #3 | 10ft,2
"Weyerhaeuser NR Company (Bruce, MS)",2x12 | #4 | 12ft,2
"Weyerhaeuser NR Company (Bruce, MS)",2x12 | #4 | 8ft,2
"Weyerhaeuser NR Company (Bruce, MS)",2x6 | #4 | <NA>ft,2
"Weyerhaeuser NR Company (Bruce, MS)",2x8 | #4 | 6ft,2
"Weyerhaeuser NR Company (Bruce, MS)",2x10 | #3 | 10ft,1
"Weyerhaeuser NR Company (Bruce, MS)",2x10 | #4 | 10ft,1
"Weyerhaeuser NR Company (Bruce, MS)",2x12 | #4 | 10ft,1
"Weyerhaeuser NR Company (Bruce, MS)",2x12 | #4 | 14ft,1
"Weyerhaeuser NR Company (Bruce, MS)",2x6 | #3 | 16ft,1
"Weyerhaeuser NR Company (Bruce, MS)",2x6 | #4 | 8ft,1
"Weyerhaeuser NR Company (Bruce, MS)",2x8 | #4 | 10ft,1
"Weyerhaeuser NR Company (Bruce, MS)",2x8 | #4 | 14ft,1
"Weyerhaeuser NR Company (Dierks, AR)",2x4 | #3 | 8ft,86
"Weyerhaeuser NR Company (Dierks, AR)",2x4 | #3 | 10ft,58
"Weyerhaeuser NR Company (Dierks, AR)",2x8 | #3 | 8ft,41
"Weyerhaeuser NR Company (Dierks, AR)",2x10 | #4 | 16ft,39
"Weyerhaeuser NR Company (Dierks, AR)",2x8 | #3 | 12ft,37
"Weyerhaeuser NR Company (Dierks, AR)",2x8 | #4 | 10ft,36
"Weyerhaeuser NR Company (Dierks, AR)",2x8 | #3 | 10ft,32
"Weyerhaeuser NR Company (Dierks, AR)",2x8 | #4 | 16ft,32
"Weyerhaeuser NR Company (Dierks, AR)",2x4 | #3 | 12ft,31
"Weyerhaeuser NR Company (Dierks, AR)",2x8 | #3 | 16ft,30
"Weyerhaeuser NR Company (Dierks, AR)",2x12 | #4 | 16ft,29
"Weyerhaeuser NR Company (Dierks, AR)",2x12 | #4 | <NA>ft,26
"Weyerhaeuser NR Company (Dierks, AR)",2x6 | #3 | 8ft,24
"Weyerhaeuser NR Company (Dierks, AR)",2x8 | #4 | 8ft,24
"Weyerhaeuser NR Company (Dierks, AR)",2x8 | #3 | 14ft,21
"Weyerhaeuser NR Company (Dierks, AR)",2x12 | #3 | 8ft,20
"Weyerhaeuser NR Company (Dierks, AR)",2x8 | #4 | 12ft,20
"Weyerhaeuser NR Company (Dierks, AR)",2x8 | #4 | 14ft,19
"Weyerhaeuser NR Company (Dierks, AR)",2x10 | #4 | 12ft,18
"Weyerhaeuser NR Company (Dierks, AR)",2x10 | #4 | 6ft,18
"Weyerhaeuser NR Company (Dierks, AR)",2x12 | #4 | 12ft,18
"Weyerhaeuser NR Company (Dierks, AR)",2x12 | #4 | 8ft,18
"Weyerhaeuser NR Company (Dierks, AR)",2x6 | #4 | 16ft,18
"Weyerhaeuser NR Company (Dierks, AR)",2x10 | #3 | 8ft,16
"Weyerhaeuser NR Company (Dierks, AR)",2x10 | #4 | 10ft,16
"Weyerhaeuser NR Company (Dierks, AR)",2x6 | #3 | 10ft,16
"Weyerhaeuser NR Company (Dierks, AR)",2x8 | #4 | <NA>ft,16
"Weyerhaeuser NR Company (Dierks, AR)",2x12 | #3 | 12ft,15
"Weyerhaeuser NR Company (Dierks, AR)",2x10 | #4 | 8ft,14
"Weyerhaeuser NR Company (Dierks, AR)",2x6 | #4 | 10ft,14
"Weyerhaeuser NR Company (Dierks, AR)",2x10 | #3 | 12ft,13
"Weyerhaeuser NR Company (Dierks, AR)",2x10 | #3 | 10ft,12
"Weyerhaeuser NR Company (Dierks, AR)",2x10 | #4 | <NA>ft,12
"Weyerhaeuser NR Company (Dierks, AR)",2x12 | #3 | 16ft,12
"Weyerhaeuser NR Company (Dierks, AR)",2x10 | #4 | 14ft,11
"Weyerhaeuser NR Company (Dierks, AR)",2x4 | #4 | 8ft,11
"Weyerhaeuser NR Company (Dierks, AR)",2x4 | #4 | 10ft,10
"Weyerhaeuser NR Company (Dierks, AR)",2x4 | #4 | 16ft,10
"Weyerhaeuser NR Company (Dierks, AR)",2x6 | #4 | 8ft,10
"Weyerhaeuser NR Company (Dierks, AR)",2x10 | #3 | 16ft,9
"Weyerhaeuser NR Company (Dierks, AR)",2x12 | #4 | 14ft,9
"Weyerhaeuser NR Company (Dierks, AR)",2x4 | #4 | 12ft,9
"Weyerhaeuser NR Company (Dierks, AR)",2x10 | #3 | 14ft,8
"Weyerhaeuser NR Company (Dierks, AR)",2x12 | #3 | 10ft,8
"Weyerhaeuser NR Company (Dierks, AR)",2x12 | #4 | 6ft,8
"Weyerhaeuser NR Company (Dierks, AR)",2x4 | #4 | 14ft,8
"Weyerhaeuser NR Company (Dierks, AR)",2x6 | #4 | 12ft,8
"Weyerhaeuser NR Company (Dierks, AR)",2x6 | #4 | 14ft,8
"Weyerhaeuser NR Company (Dierks, AR)",2x6 | #3 | 12ft,7
"Weyerhaeuser NR Company (Dierks, AR)",2x4 | #3 | 14ft,6
"Weyerhaeuser NR Company (Dierks, AR)",2x6 | #4 | 6ft,6
"Weyerhaeuser NR Company (Dierks, AR)",2x8 | #4 | 6ft,6
"Weyerhaeuser NR Company (Dierks, AR)",2x12 | #3 | 14ft,5
"Weyerhaeuser NR Company (Dierks, AR)",2x12 | #4 | 10ft,4
"Weyerhaeuser NR Company (Dierks, AR)",2x4 | #4 | <NA>ft,4
"Weyerhaeuser NR Company (Dierks, AR)",2x4 | #4 | 6ft,2
"Weyerhaeuser NR Company (Dierks, AR)",2x4 | #3 | 16ft,1
"Weyerhaeuser NR Company (Dierks, AR)",2x6 | #3 | 14ft,1
"Weyerhaeuser NR Company (Dierks, AR)",2x6 | #4 | <NA>ft,1
"Weyerhaeuser NR Company (Dodson, LA)",2x12 | #4 | <NA>ft,183
"Weyerhaeuser NR Company (Dodson, LA)",2x4 | #3 | 10ft,47
"Weyerhaeuser NR Company (Dodson, LA)",2x8 | #3 | 16ft,34
"Weyerhaeuser NR Company (Dodson, LA)",2x4 | #3 | 8ft,29
"Weyerhaeuser NR Company (Dodson, LA)",2x8 | #3 | 12ft,18
"Weyerhaeuser NR Company (Dodson, LA)",2x4 | #3 | 20ft,16
"Weyerhaeuser NR Company (Dodson, LA)",2x8 | #3 | 10ft,16
"Weyerhaeuser NR Company (Dodson, LA)",2x8 | #3 | 14ft,16
"Weyerhaeuser NR Company (Dodson, LA)",2x8 | #4 | 16ft,13
"Weyerhaeuser NR Company (Dodson, LA)",2x12 | #3 | 16ft,12
"Weyerhaeuser NR Company (Dodson, LA)",2x8 | #4 | 14ft,11
"Weyerhaeuser NR Company (Dodson, LA)",2x12 | #3 | 12ft,10
"Weyerhaeuser NR Company (Dodson, LA)",2x4 | #3 | 12ft,10
"Weyerhaeuser NR Company (Dodson, LA)",2x8 | #3 | 8ft,10
"Weyerhaeuser NR Company (Dodson, LA)",2x8 | #4 | 12ft,10
"Weyerhaeuser NR Company (Dodson, LA)",2x8 | #4 | <NA>ft,9
"Weyerhaeuser NR Company (Dodson, LA)",2x12 | #3 | 14ft,8
"Weyerhaeuser NR Company (Dodson, LA)",2x10 | #3 | 16ft,7
"Weyerhaeuser NR Company (Dodson, LA)",2x4 | #4 | 12ft,6
"Weyerhaeuser NR Company (Dodson, LA)",2x4 | #4 | 14ft,6
"Weyerhaeuser NR Company (Dodson, LA)",2x4 | #4 | 8ft,6
"Weyerhaeuser NR Company (Dodson, LA)",2x4 | #4 | 10ft,5
"Weyerhaeuser NR Company (Dodson, LA)",2x4 | #4 | <NA>ft,5
"Weyerhaeuser NR Company (Dodson, LA)",2x6 | #3 | 10ft,5
"Weyerhaeuser NR Company (Dodson, LA)",2x6 | #3 | 8ft,5
"Weyerhaeuser NR Company (Dodson, LA)",2x6 | #4 | 10ft,5
"Weyerhaeuser NR Company (Dodson, LA)",2x8 | #4 | 10ft,5
"Weyerhaeuser NR Company (Dodson, LA)",2x10 | #3 | 12ft,4
"Weyerhaeuser NR Company (Dodson, LA)",2x10 | #3 | 14ft,4
"Weyerhaeuser NR Company (Dodson, LA)",2x10 | #4 | <NA>ft,4
"Weyerhaeuser NR Company (Dodson, LA)",2x12 | #3 | 10ft,4
"Weyerhaeuser NR Company (Dodson, LA)",2x4 | #3 | 18ft,4
"Weyerhaeuser NR Company (Dodson, LA)",2x4 | #4 | 16ft,4
"Weyerhaeuser NR Company (Dodson, LA)",2x6 | #4 | 12ft,4
"Weyerhaeuser NR Company (Dodson, LA)",2x6 | #4 | 14ft,4
"Weyerhaeuser NR Company (Dodson, LA)",2x8 | #3 | 18ft,4
"Weyerhaeuser NR Company (Dodson, LA)",2x10 | #3 | 10ft,3
"Weyerhaeuser NR Company (Dodson, LA)",2x10 | #3 | 8ft,3
"Weyerhaeuser NR Company (Dodson, LA)",2x10 | #4 | 16ft,3
"Weyerhaeuser NR Company (Dodson, LA)",2x12 | #3 | 18ft,3
"Weyerhaeuser NR Company (Dodson, LA)",2x12 | #3 | 20ft,3
"Weyerhaeuser NR Company (Dodson, LA)",2x6 | #4 | 16ft,3
"Weyerhaeuser NR Company (Dodson, LA)",2x8 | #3 | 20ft,3
"Weyerhaeuser NR Company (Dodson, LA)",2x8 | #4 | 8ft,3
"Weyerhaeuser NR Company (Dodson, LA)",2x10 | #4 | 12ft,2
"Weyerhaeuser NR Company (Dodson, LA)",2x10 | #4 | 8ft,2
"Weyerhaeuser NR Company (Dodson, LA)",2x12 | #3 | 8ft,2
"Weyerhaeuser NR Company (Dodson, LA)",2x12 | #4 | 12ft,2
"Weyerhaeuser NR Company (Dodson, LA)",2x12 | #4 | 6ft,2
"Weyerhaeuser NR Company (Dodson, LA)",2x4 | #3 | 16ft,2
"Weyerhaeuser NR Company (Dodson, LA)",2x6 | #3 | 12ft,2
"Weyerhaeuser NR Company (Dodson, LA)",2x6 | #4 | 8ft,2
"Weyerhaeuser NR Company (Dodson, LA)",2x8 | #4 | 6ft,2
"Weyerhaeuser NR Company (Dodson, LA)",2x10 | #4 | 10ft,1
"Weyerhaeuser NR Company (Dodson, LA)",2x10 | #4 | 14ft,1
"Weyerhaeuser NR Company (Dodson, LA)",2x10 | #4 | 20ft,1
"Weyerhaeuser NR Company (Dodson, LA)",2x12 | #4 | 16ft,1
"Weyerhaeuser NR Company (Dodson, LA)",2x12 | #4 | 8ft,1
"Weyerhaeuser NR Company (Dodson, LA)",2x4 | #3 | 14ft,1
"Weyerhaeuser NR Company (Dodson, LA)",2x6 | #3 | 14ft,1
"Weyerhaeuser NR Company (Dodson, LA)",2x6 | #3 | 16ft,1
"Weyerhaeuser NR Company (Dodson, LA)",2x6 | #3 | 18ft,1
"Weyerhaeuser NR Company (Holden, LA)",2x4 | #3 | 12ft,57
"Weyerhaeuser NR Company (Holden, LA)",2x4 | #4 | 10ft,35
"Weyerhaeuser NR Company (Holden, LA)",2x4 | #4 | 12ft,35
"Weyerhaeuser NR Company (Holden, LA)",2x4 | #4 | 8ft,32
"Weyerhaeuser NR Company (Holden, LA)",2x4 | #3 | 10ft,16
"Weyerhaeuser NR Company (Holden, LA)",4x4 | #3 | 8ft,16
"Weyerhaeuser NR Company (Holden, LA)",4x4 | #4 | 8ft,2
"Weyerhaeuser NR Company (Holden, LA)",2x4 | #4 | 7ft,1
"Weyerhaeuser NR Company (Magnolia, MS)",2x8 | #3 | 16ft,46
"Weyerhaeuser NR Company (Magnolia, MS)",2x8 | #3 | 12ft,42
"Weyerhaeuser NR Company (Magnolia, MS)",2x8 | #3 | 14ft,37
"Weyerhaeuser NR Company (Magnolia, MS)",2x4 | #3 | 8ft,36
"Weyerhaeuser NR Company (Magnolia, MS)",2x8 | #3 | 10ft,25
"Weyerhaeuser NR Company (Magnolia, MS)",2x8 | #3 | 8ft,23
"Weyerhaeuser NR Company (Magnolia, MS)",2x6 | #3 | 8ft,22
"Weyerhaeuser NR Company (Magnolia, MS)",2x10 | #3 | 8ft,21
"Weyerhaeuser NR Company (Magnolia, MS)",2x10 | #4 | 16ft,19
"Weyerhaeuser NR Company (Magnolia, MS)",2x10 | #3 | 12ft,18
"Weyerhaeuser NR Company (Magnolia, MS)",2x10 | #4 | 12ft,16
"Weyerhaeuser NR Company (Magnolia, MS)",2x10 | #4 | 8ft,15
"Weyerhaeuser NR Company (Magnolia, MS)",2x8 | #4 | 10ft,14
"Weyerhaeuser NR Company (Magnolia, MS)",2x10 | #3 | 16ft,13
"Weyerhaeuser NR Company (Magnolia, MS)",2x12 | #3 | 12ft,13
"Weyerhaeuser NR Company (Magnolia, MS)",2x12 | #3 | 8ft,13
"Weyerhaeuser NR Company (Magnolia, MS)",2x8 | #4 | 14ft,13
"Weyerhaeuser NR Company (Magnolia, MS)",2x10 | #3 | 14ft,12
"Weyerhaeuser NR Company (Magnolia, MS)",2x10 | #4 | 14ft,11
"Weyerhaeuser NR Company (Magnolia, MS)",2x12 | #3 | 16ft,11
"Weyerhaeuser NR Company (Magnolia, MS)",2x6 | #3 | 12ft,10
"Weyerhaeuser NR Company (Magnolia, MS)",2x8 | #3 | 18ft,10
"Weyerhaeuser NR Company (Magnolia, MS)",2x12 | #3 | 14ft,9
"Weyerhaeuser NR Company (Magnolia, MS)",2x8 | #4 | 12ft,9
"Weyerhaeuser NR Company (Magnolia, MS)",2x8 | #4 | 8ft,9
"Weyerhaeuser NR Company (Magnolia, MS)",2x10 | #4 | 10ft,8
"Weyerhaeuser NR Company (Magnolia, MS)",2x12 | #3 | 10ft,8
"Weyerhaeuser NR Company (Magnolia, MS)",2x4 | #4 | 12ft,8
"Weyerhaeuser NR Company (Magnolia, MS)",2x4 | #4 | 14ft,8
"Weyerhaeuser NR Company (Magnolia, MS)",2x4 | #4 | 16ft,8
"Weyerhaeuser NR Company (Magnolia, MS)",2x4 | #4 | 8ft,8
"Weyerhaeuser NR Company (Magnolia, MS)",2x8 | #4 | 16ft,8
"Weyerhaeuser NR Company (Magnolia, MS)",2x12 | #4 | <NA>ft,7
"Weyerhaeuser NR Company (Magnolia, MS)",2x10 | #3 | 10ft,6
"Weyerhaeuser NR Company (Magnolia, MS)",2x4 | #4 | 10ft,6
"Weyerhaeuser NR Company (Magnolia, MS)",2x6 | #3 | 16ft,6
"Weyerhaeuser NR Company (Magnolia, MS)",2x10 | #4 | 6ft,5
"Weyerhaeuser NR Company (Magnolia, MS)",2x8 | #3 | 20ft,5
"Weyerhaeuser NR Company (Magnolia, MS)",2x8 | #4 | <NA>ft,5
"Weyerhaeuser NR Company (Magnolia, MS)",2x10 | #4 | <NA>ft,4
"Weyerhaeuser NR Company (Magnolia, MS)",2x12 | #3 | 18ft,4
"Weyerhaeuser NR Company (Magnolia, MS)",2x12 | #4 | 12ft,4
"Weyerhaeuser NR Company (Magnolia, MS)",2x12 | #4 | 16ft,4
"Weyerhaeuser NR Company (Magnolia, MS)",2x4 | #3 | 14ft,4
"Weyerhaeuser NR Company (Magnolia, MS)",2x6 | #3 | 10ft,4
"Weyerhaeuser NR Company (Magnolia, MS)",2x12 | #4 | 10ft,3
"Weyerhaeuser NR Company (Magnolia, MS)",2x12 | #4 | 14ft,3
"Weyerhaeuser NR Company (Magnolia, MS)",2x4 | #3 | 10ft,3
"Weyerhaeuser NR Company (Magnolia, MS)",2x4 | #3 | 16ft,3
"Weyerhaeuser NR Company (Magnolia, MS)",2x6 | #3 | 14ft,3
"Weyerhaeuser NR Company (Magnolia, MS)",2x6 | #4 | 16ft,3
"Weyerhaeuser NR Company (Magnolia, MS)",2x6 | #4 | 8ft,3
"Weyerhaeuser NR Company (Magnolia, MS)",2x12 | #4 | 6ft,2
"Weyerhaeuser NR Company (Magnolia, MS)",2x4 | #4 | <NA>ft,2
"Weyerhaeuser NR Company (Magnolia, MS)",2x6 | #4 | 10ft,2
"Weyerhaeuser NR Company (Magnolia, MS)",2x6 | #4 | 14ft,2
"Weyerhaeuser NR Company (Magnolia, MS)",2x8 | #4 | 6ft,2
"Weyerhaeuser NR Company (Magnolia, MS)",2x12 | #3 | 20ft,1
"Weyerhaeuser NR Company (Magnolia, MS)",2x12 | #4 | 8ft,1
"Weyerhaeuser NR Company (Magnolia, MS)",2x6 | #4 | 12ft,1
"Weyerhaeuser NR Company (Millport, AL)",2x4 | #3 | 8ft,71
"Weyerhaeuser NR Company (Millport, AL)",2x6 | #3 | 8ft,40
"Weyerhaeuser NR Company (Millport, AL)",2x8 | #3 | 8ft,26
"Weyerhaeuser NR Company (Millport, AL)",2x10 | #4 | 16ft,23
"Weyerhaeuser NR Company (Millport, AL)",2x10 | #4 | 8ft,22
"Weyerhaeuser NR Company (Millport, AL)",2x8 | #4 | 8ft,21
"Weyerhaeuser NR Company (Millport, AL)",2x10 | #3 | 8ft,20
"Weyerhaeuser NR Company (Millport, AL)",2x12 | #3 | 8ft,19
"Weyerhaeuser NR Company (Millport, AL)",2x4 | #4 | 8ft,14
"Weyerhaeuser NR Company (Millport, AL)",2x10 | #4 | 12ft,13
"Weyerhaeuser NR Company (Millport, AL)",2x8 | #4 | 16ft,12
"Weyerhaeuser NR Company (Millport, AL)",2x6 | #4 | 14ft,11
"Weyerhaeuser NR Company (Millport, AL)",2x6 | #4 | 8ft,11
"Weyerhaeuser NR Company (Millport, AL)",2x4 | #3 | 16ft,10
"Weyerhaeuser NR Company (Millport, AL)",2x12 | #4 | 8ft,9
"Weyerhaeuser NR Company (Millport, AL)",2x4 | #4 | 10ft,9
"Weyerhaeuser NR Company (Millport, AL)",2x4 | #4 | 16ft,9
"Weyerhaeuser NR Company (Millport, AL)",2x12 | #3 | 10ft,8
"Weyerhaeuser NR Company (Millport, AL)",2x12 | #3 | 12ft,8
"Weyerhaeuser NR Company (Millport, AL)",2x12 | #4 | 12ft,8
"Weyerhaeuser NR Company (Millport, AL)",2x4 | #4 | 14ft,8
"Weyerhaeuser NR Company (Millport, AL)",2x8 | #4 | 12ft,8
"Weyerhaeuser NR Company (Millport, AL)",2x10 | #4 | 14ft,7
"Weyerhaeuser NR Company (Millport, AL)",2x6 | #4 | 10ft,7
"Weyerhaeuser NR Company (Millport, AL)",2x6 | #4 | 12ft,7
"Weyerhaeuser NR Company (Millport, AL)",2x12 | #4 | 14ft,6
"Weyerhaeuser NR Company (Millport, AL)",2x12 | #4 | 16ft,6
"Weyerhaeuser NR Company (Millport, AL)",2x4 | #3 | 14ft,6
"Weyerhaeuser NR Company (Millport, AL)",2x4 | #4 | 12ft,6
"Weyerhaeuser NR Company (Millport, AL)",2x12 | #3 | 14ft,5
"Weyerhaeuser NR Company (Millport, AL)",2x4 | #3 | 12ft,5
"Weyerhaeuser NR Company (Millport, AL)",2x8 | #4 | 14ft,5
"Weyerhaeuser NR Company (Millport, AL)",2x10 | #3 | 16ft,4
"Weyerhaeuser NR Company (Millport, AL)",2x10 | #4 | 10ft,4
"Weyerhaeuser NR Company (Millport, AL)",2x12 | #3 | 16ft,4
"Weyerhaeuser NR Company (Millport, AL)",2x12 | #4 | 10ft,4
"Weyerhaeuser NR Company (Millport, AL)",2x4 | #3 | 10ft,4
"Weyerhaeuser NR Company (Millport, AL)",2x6 | #4 | 16ft,4
"Weyerhaeuser NR Company (Millport, AL)",2x8 | #4 | <NA>ft,4
"Weyerhaeuser NR Company (Millport, AL)",2x6 | #3 | 12ft,3
"Weyerhaeuser NR Company (Millport, AL)",2x10 | #3 | 12ft,2
"Weyerhaeuser NR Company (Millport, AL)",2x8 | #4 | 10ft,2
"Weyerhaeuser NR Company (Millport, AL)",2x6 | #4 | 20ft,1
"Weyerhaeuser NR Company (Millport, AL)",2x8 | #3 | 12ft,1
"Weyerhaeuser NR Company (Philadelphia, MS)",2x4 | #3 | 8ft,113
"Weyerhaeuser NR Company (Philadelphia, MS)",2x6 | #3 | 8ft,42
"Weyerhaeuser NR Company (Philadelphia, MS)",2x8 | #3 | 8ft,42
"Weyerhaeuser NR Company (Philadelphia, MS)",2x8 | #3 | 12ft,31
"Weyerhaeuser NR Company (Philadelphia, MS)",2x12 | #4 | <NA>ft,28
"Weyerhaeuser NR Company (Philadelphia, MS)",2x6 | #4 | 14ft,24
"Weyerhaeuser NR Company (Philadelphia, MS)",2x8 | #4 | 8ft,24
"Weyerhaeuser NR Company (Philadelphia, MS)",2x10 | #4 | 8ft,23
"Weyerhaeuser NR Company (Philadelphia, MS)",2x4 | #4 | 12ft,23
"Weyerhaeuser NR Company (Philadelphia, MS)",2x6 | #4 | 8ft,23
"Weyerhaeuser NR Company (Philadelphia, MS)",2x8 | #3 | 10ft,22
"Weyerhaeuser NR Company (Philadelphia, MS)",2x4 | #4 | 10ft,21
"Weyerhaeuser NR Company (Philadelphia, MS)",2x10 | #4 | 12ft,20
"Weyerhaeuser NR Company (Philadelphia, MS)",2x4 | #4 | 14ft,19
"Weyerhaeuser NR Company (Philadelphia, MS)",2x4 | #4 | <NA>ft,19
"Weyerhaeuser NR Company (Philadelphia, MS)",2x6 | #3 | 10ft,19
"Weyerhaeuser NR Company (Philadelphia, MS)",2x6 | #4 | 12ft,18
"Weyerhaeuser NR Company (Philadelphia, MS)",2x8 | #3 | 14ft,18
"Weyerhaeuser NR Company (Philadelphia, MS)",2x8 | #4 | 10ft,18
"Weyerhaeuser NR Company (Philadelphia, MS)",2x8 | #4 | 12ft,18
"Weyerhaeuser NR Company (Philadelphia, MS)",2x10 | #4 | 16ft,17
"Weyerhaeuser NR Company (Philadelphia, MS)",2x4 | #4 | 8ft,17
"Weyerhaeuser NR Company (Philadelphia, MS)",2x6 | #4 | 10ft,16
"Weyerhaeuser NR Company (Philadelphia, MS)",2x6 | #4 | 16ft,16
"Weyerhaeuser NR Company (Philadelphia, MS)",2x8 | #4 | 16ft,16
"Weyerhaeuser NR Company (Philadelphia, MS)",2x10 | #3 | 8ft,15
"Weyerhaeuser NR Company (Philadelphia, MS)",2x4 | #4 | 16ft,15
"Weyerhaeuser NR Company (Philadelphia, MS)",2x12 | #3 | 8ft,14
"Weyerhaeuser NR Company (Philadelphia, MS)",2x8 | #3 | 16ft,14
"Weyerhaeuser NR Company (Philadelphia, MS)",2x8 | #4 | 14ft,14
"Weyerhaeuser NR Company (Philadelphia, MS)",2x6 | #3 | 12ft,13
"Weyerhaeuser NR Company (Philadelphia, MS)",2x10 | #4 | 14ft,11
"Weyerhaeuser NR Company (Philadelphia, MS)",2x8 | #4 | <NA>ft,11
"Weyerhaeuser NR Company (Philadelphia, MS)",2x10 | #3 | 16ft,10
"Weyerhaeuser NR Company (Philadelphia, MS)",2x10 | #3 | 12ft,9
"Weyerhaeuser NR Company (Philadelphia, MS)",2x12 | #3 | 12ft,9
"Weyerhaeuser NR Company (Philadelphia, MS)",2x12 | #4 | 8ft,9
"Weyerhaeuser NR Company (Philadelphia, MS)",2x12 | #3 | 14ft,8
"Weyerhaeuser NR Company (Philadelphia, MS)",2x4 | #3 | 10ft,7
"Weyerhaeuser NR Company (Philadelphia, MS)",2x10 | #4 | 10ft,6
"Weyerhaeuser NR Company (Philadelphia, MS)",2x12 | #3 | 10ft,6
"Weyerhaeuser NR Company (Philadelphia, MS)",2x4 | #3 | 14ft,6
"Weyerhaeuser NR Company (Philadelphia, MS)",2x12 | #3 | 16ft,5
"Weyerhaeuser NR Company (Philadelphia, MS)",2x4 | #3 | 16ft,5
"Weyerhaeuser NR Company (Philadelphia, MS)",2x4 | #3 | 12ft,4
"Weyerhaeuser NR Company (Philadelphia, MS)",2x10 | #3 | 10ft,3
"Weyerhaeuser NR Company (Philadelphia, MS)",2x10 | #4 | <NA>ft,3
"Weyerhaeuser NR Company (Philadelphia, MS)",2x12 | #4 | 12ft,3
"Weyerhaeuser NR Company (Philadelphia, MS)",2x12 | #4 | 14ft,2
"Weyerhaeuser NR Company (Philadelphia, MS)",2x12 | #4 | 16ft,2
"Weyerhaeuser NR Company (Philadelphia, MS)",2x6 | #3 | 16ft,2
"Weyerhaeuser NR Company (Philadelphia, MS)",2x10 | #3 | 14ft,1
"Weyerhaeuser NR Company (Philadelphia, MS)",2x12 | #4 | 10ft,1
"Weyerhaeuser NR Company (Philadelphia, MS)",2x4 | #3 | 18ft,1
"Weyerhaeuser NR Company (Philadelphia, MS)",2x6 | #4 | <NA>ft,1
"WoodPerfect (Albertville, AL)",2x4 | #3 | 10ft,1
"WoodPerfect (Albertville, AL)",2x8 | #4 | 8ft,1
"WoodPerfect (Boaz, AL)",2x8 | #4 | 8ft,3
"WoodPerfect (Boaz, AL)",2x4 | #4 | 8ft,2
"WoodPerfect (Boaz, AL)",2x6 | #4 | 8ft,1
