mill,profitable_index_relative,total_index_relative_margin,avg_index_relative_margin,median_index_relative_margin,n_rows,n_ok_matches,top_selling_product,top_selling_volume_or_count,best_product_by_index_margin,best_product_total_index_margin,worst_product_by_index_margin,worst_product_total_index_margin
"Bienville Lumber Company, LLC (Taylor, LA)",True,2264.250459627245,10.018807343483386,10.0,226,226,2x4 | #2 | 12ft,62,2x4 | #2 | 10ft,1142.705684910479,2x6 | #1 | 14ft,-195.70931780134003
"Georgia-Pacfic Corp (Talladega, AL)",True,527.6566294844299,16.489269671388435,17.49998996310751,32,32,2x6 | #2 | 8ft,10,2x4 | #2 | 8ft,245.989132067912,2x6 | #2 | 14ft,-100.610969387755
"Pinecrest Lbr / Green Bay Packaging (Plumerville, AR)",True,498.160583805568,49.816058380556804,70.67628494138899,41,10,4x6 | #2 | 10ft,8,2x4 | #2 | 16ft,231.49199909849006,2x4 | #2 | 10ft,-48.535856473134004
"Westervelt Lumber Division (Moundville, AL)",True,210.84876173288598,21.0848761732886,22.65386246977451,16,10,2x4 | #2 | 10ft,5,2x4 | #2 | 12ft,135.0,4x6 | #1 | 8ft,0.0
"Hood Industries, Inc. (Bogalusa, LA)",True,194.947128679261,5.268841315655703,0.0,37,37,2x4 | #2 | 12ft,7,2x8 | #2 | 16ft,104.98956807386699,2x8 | #2 | 10ft,-60.26699807643104
"Southeast Forest Products Mfg, Inc (Louisville, AL)",True,174.92058644885384,21.86507330610673,19.993570684491488,12,8,2x8 | #2 | 10ft,4,2x8 | #2 | 10ft,79.9485654759319,4x4 | #2 | 12ft,0.0
"Callaway Lumber Co Inc (Bryan, TX)",True,145.260416666667,145.260416666667,145.260416666667,1,1,2x6 | #2 | 8ft,1,2x6 | #2 | 8ft,145.260416666667,2x6 | #2 | 8ft,145.260416666667
"LaSalle Lumber Company, LLC (Olla, LA)",True,105.9348326172323,1.0284935205556534,14.995757858567003,103,103,2x4 | #2 | 12ft,35,2x4 | #2 | 10ft,591.3829873633501,2x4 | #1 | 20ft,-255.42995381335493
"Mid South Lumber, Inc (Meridian, MS)",True,89.89154482026106,12.841649260037295,10.0,7,7,2x6 | #2 | 16ft,4,2x6 | #2 | 16ft,89.99996715198802,2x4 | #2 | 16ft,-35.042614218397944
"Gloster Forest Products (Gloster, MS)",True,88.89528303657818,3.8650123059381816,9.893136215161007,25,23,2x4 | #2 | 10ft,6,2x6 | #2 | 8ft,91.08694590693,2x4 | #1 | 20ft,-108.595105021184
"Rex Lumber Troy, LLC (Troy, AL)",True,79.89200218180298,15.978400436360596,34.99998741319399,10,5,4x4 | #2 | 10ft,5,2x6 | #2 | 12ft,69.99997482638798,2x4 | #2 | 16ft,-50.107955826009004
"Trimjoist Corporation (Columbus, MS)",True,64.980844350962,64.980844350962,64.980844350962,1,1,2x4 | #1 | 12ft,1,2x4 | #1 | 12ft,64.980844350962,2x4 | #1 | 12ft,64.980844350962
"Weyerhaeuser NR Company (Philadelphia, MS)",True,56.0995889719531,8.0142269959933,-7.853708791208987,7,7,2x4 | #1 | 18ft,2,2x4 | #1 | 18ft,90.88313167735004,2x8 | #2 | 12ft,-35.659722222221944
"Southeastern Timber Products, LLC (Ackerman, MS)",True,54.321667349576046,9.053611224929341,9.898018919951028,33,6,4x4 | #2 | 12ft,7,2x4 | #2 | 12ft,44.999957074175995,2x4 | #2 | 16ft,-10.063798401967006
"Harrigan Lumber Company, Inc. (Monroeville, AL)",True,49.982142059912974,49.982142059912974,49.982142059912974,22,1,4x6 | #2 | 16ft,10,2x10 | #1 | 14ft,49.982142059912974,4x6 | #2 | 10ft,0.0
"Georgia-Pacific Corp. (Dudley, NC)",True,33.695652173913004,16.847826086956502,16.847826086956502,2,2,2x6 | #2 | 8ft,2,2x6 | #2 | 8ft,33.695652173913004,2x6 | #2 | 8ft,33.695652173913004
"Rex Lumber-Brookhaven (Brookhaven, MS)",True,31.367010794774956,15.683505397387478,15.683505397387478,2,2,2x8 | #1 | 8ft,1,2x8 | #1 | 8ft,19.565217391303975,2x8 | #1 | 16ft,11.801793403470981
"Weyerhaeuser NR Company (Bruce, MS)",True,25.943701521546927,2.882633502394103,13.943300130706973,9,9,2x4 | #2 | 12ft,4,2x4 | #2 | 12ft,75.38289835164801,2x6 | #2 | 20ft,-91.269097222222
"Hood Industries, Inc. (Silver Creek, MS)",True,20.83664225420398,1.1575912363446657,1.5,21,18,2x8 | #2 | 12ft,6,2x6 | #2 | 10ft,30.0,2x8 | #2 | 10ft,-10.05653737552899
"Hood Industries, Inc (Waynesboro, MS)",True,10.0,10.0,10.0,1,1,2x12 | #2 | 8ft,1,2x12 | #2 | 8ft,10.0,2x12 | #2 | 8ft,10.0
"Austell Forest Products Inc (Gordo, AL)",False,0.0,,,21,0,1x4 | #2 | 8ft,11,1x4 | #2 | 10ft,0.0,1x4 | #2 | 10ft,0.0
"Beasley Forest Prod - Yawn (Hazlehurst, GA)",False,0.0,0.0,0.0,1,1,2x8 | #2 | 12ft,1,2x8 | #2 | 12ft,0.0,2x8 | #2 | 12ft,0.0
"Cal-Tex Lumber Co. (Pollok, TX)",False,0.0,,,10,0,4x4 | #2 | 8ft,8,4x4 | #2 | 12ft,0.0,4x4 | #2 | 12ft,0.0
"Charles Ingram (Effingham, SC)",False,0.0,,,9,0,4x6 | #1 | 16ft,2,1x4 | #2 | 10ft,0.0,1x4 | #2 | 10ft,0.0
"Doman Lumber (Gilmer, TX)",False,0.0,,,2,0,4x4 | #2 | 10ft,2,4x4 | #2 | 10ft,0.0,4x4 | #2 | 10ft,0.0
"Doman Lumber (Hattiesburg, MS)",False,0.0,,,2,0,6x6 | #2 | 8ft,1,6x6 | #2 | 10ft,0.0,6x6 | #2 | 10ft,0.0
"Doman Lumber (Magnolia, AR)",False,0.0,,,1,0,1x6 | #2 | 14ft,1,1x6 | #2 | 14ft,0.0,1x6 | #2 | 14ft,0.0
"Doman Lumber (Rison, AR)",False,0.0,,,2,0,1x6 | #2 | 12ft,1,1x6 | #2 | 12ft,0.0,1x6 | #2 | 12ft,0.0
"Doman Lumber (Russellville, AR)",False,0.0,,,5,0,1x6 | #2 | 14ft,5,1x6 | #2 | 14ft,0.0,1x6 | #2 | 14ft,0.0
"Dupont Pine Products, LLC (Alapaha, GA)",False,0.0,,,33,0,4x6 | #2 | 16ft,18,4x6 | #1 | 8ft,0.0,4x6 | #1 | 8ft,0.0
"Georgia-Pacific Corp. (Mexia, AL)",False,0.0,,,54,0,4x6 | #2 | 10ft,20,4x4 | #2 | 10ft,0.0,4x4 | #2 | 10ft,0.0
"Griffin Lumber Company, Inc. (Cordele, GA)",False,0.0,,,4,0,4x6 | #2 | 10ft,2,4x6 | #2 | 10ft,0.0,4x6 | #2 | 10ft,0.0
"Hankins Lumber Company, Inc (Grenada, MS)",False,0.0,,,2,0,4x6 | #2 | 10ft,2,4x6 | #2 | 10ft,0.0,4x6 | #2 | 10ft,0.0
"Homan Forest Products Corporate, Inc (Fulton, MS)",False,0.0,,,105,0,4x6 | #2 | 20ft,34,4x6 | #2 | 10ft,0.0,4x6 | #2 | 10ft,0.0
"Jack Batte and Sons, Inc. (Forest, MS)",False,0.0,,,27,0,4x6 | #2 | 16ft,9,4x6 | #2 | 10ft,0.0,4x6 | #2 | 10ft,0.0
"Jasper Lumber Co, Inc (Jasper, AL)",False,0.0,,,3,0,4x4 | #1 | 12ft,2,4x4 | #1 | 12ft,0.0,4x4 | #1 | 12ft,0.0
"KyKenKee, Inc (Vance, AL)",False,0.0,,,1,0,4x4 | #2 | 8ft,1,4x4 | #2 | 8ft,0.0,4x4 | #2 | 8ft,0.0
"Langdale Forest Products Co (Barnesville, GA)",False,0.0,,,2,0,2x4 | #2 | 6ft,1,2x4 | #2 | 6ft,0.0,2x4 | #2 | 6ft,0.0
"Lincoln Lumber Co, Inc (Brookhaven, MS)",False,0.0,,,3,0,8x8 | #2 | 16ft,2,4x6 | #2 | 10ft,0.0,4x6 | #2 | 10ft,0.0
"Martco Limited Partnership - Plywood Div (Chopin, LA)",False,0.0,,,3,0,6x6 | #2 | 8ft,3,6x6 | #2 | 8ft,0.0,6x6 | #2 | 8ft,0.0
"Meadwestvaco Corporation (Cottonton, AL)",False,0.0,,,7,0,4x6 | #2 | 14ft,5,4x6 | #1 | 14ft,0.0,4x6 | #1 | 14ft,0.0
"Pollard Lumber Co, Inc (Appling, GA)",False,0.0,,,1,0,4x6 | #2 | 10ft,1,4x6 | #2 | 10ft,0.0,4x6 | #2 | 10ft,0.0
"RB Lumber Co, LLC dba DS Smith Riceboro Lumber (Riceboro, GA)",False,0.0,,,34,0,4x6 | #2 | 16ft,34,4x6 | #2 | 16ft,0.0,4x6 | #2 | 16ft,0.0
"Snider Industries, LLP (Marshall, TX)",False,0.0,,,3,0,1x4 | #2 | 14ft,3,1x4 | #2 | 14ft,0.0,1x4 | #2 | 14ft,0.0
"West Fraser Mills Ltd. (Russellville, AR)",False,0.0,,,18,0,4x6 | #2 | 16ft,5,4x4 | #2 | 12ft,0.0,4x4 | #2 | 12ft,0.0
"West Fraser Mills Ltd. (Opelika, AL)",False,-0.014106515039998158,-0.007053257519999079,-0.007053257519999079,2,2,2x8 | #2 | 10ft,1,2x8 | #2 | 12ft,0.0,2x8 | #2 | 10ft,-0.014106515039998158
"Canfor Southern Pine (Camden, SC)",False,-5.0,-5.0,-5.0,1,1,2x6 | #2 | 8ft,1,2x6 | #2 | 8ft,-5.0,2x6 | #2 | 8ft,-5.0
"Interfor US, Inc (Baxley, GA)",False,-7.488515329071959,-3.7442576645359793,-3.7442576645359793,2,2,2x8 | #2 | 8ft,1,2x8 | #2 | 8ft,10.957855113636015,2x8 | #2 | 12ft,-18.446370442707973
"West Fraser Mills Ltd. (Mansfield, AR)",False,-8.070698457136984,-2.6902328190456615,-15.013616679315987,14,3,4x6 | #2 | 14ft,7,2x8 | #2 | 8ft,21.95653490149499,2x10 | #2 | 14ft,-30.027233358631975
"West Fraser Mills Ltd. (Newberry, SC)",False,-10.000001368130938,-2.5000003420327346,1.4011549012593605e-05,4,4,2x6 | #2 | 8ft,3,2x6 | #2 | 8ft,4.2034647037780815e-05,2x6 | #2 | 10ft,-10.000043402777976
"West Fraser Mills Ltd (New Boston, TX)",False,-14.525192664407996,-3.631298166101999,-7.500008433949006,4,4,2x10 | #1 | 18ft,2,2x10 | #1 | 18ft,15.5,2x8 | #2 | 10ft,-15.025175796509984
"Canfor Southern Pine (Graham, NC)",False,-15.0,-15.0,-15.0,1,1,2x6 | #2 | 8ft,1,2x6 | #2 | 8ft,-15.0,2x6 | #2 | 8ft,-15.0
"Two Rivers Lumber Company, LLC (Demopolis, AL)",False,-16.0,-16.0,-16.0,1,1,2x4 | #2 | 10ft,1,2x4 | #2 | 10ft,-16.0,2x4 | #2 | 10ft,-16.0
"Canfor Southern Pine (Strong, AR)",False,-24.166069425532044,-1.8589284173486187,-7.0703125,13,13,2x12 | #2 | 20ft,5,2x12 | #2 | 20ft,258.7890625,2x10 | #2 | 14ft,-117.44676101611702
"Interfor US, Inc (Thomaston, GA)",False,-28.697916666667027,-28.697916666667027,-28.697916666667027,1,1,2x8 | #2 | 12ft,1,2x8 | #2 | 12ft,-28.697916666667027,2x8 | #2 | 12ft,-28.697916666667027
"West Fraser Mills Ltd. (Henderson, TX)",False,-30.015024683408,-30.015024683408,-30.015024683408,1,1,2x4 | #2 | 14ft,1,2x4 | #2 | 14ft,-30.015024683408,2x4 | #2 | 14ft,-30.015024683408
"Coushatta Forest Products, LLC (Coushatta, LA)",False,-30.025392608797972,-10.008464202932657,-10.0,6,3,2x4 | #2 | 10ft,1,4x4 | #2 | 8ft,0.0,2x8 | #2 | 10ft,-10.025392608797972
"Interfor US, Inc (Preston, GA)",False,-32.524305555556,-32.524305555556,-32.524305555556,1,1,2x8 | #2 | 12ft,1,2x8 | #2 | 12ft,-32.524305555556,2x8 | #2 | 12ft,-32.524305555556
"Georgia-Pacific Corp. (Rome, GA)",False,-35.81962063147,-11.939873543823333,-20.049903834595,3,3,2x6 | #2 | 8ft,2,2x6 | #2 | 8ft,-15.769716796875002,2x4 | #2 | 20ft,-20.049903834595
"Canfor Southern Pine (Moultrie, GA)",False,-36.44886363636397,-18.224431818181984,-18.224431818181984,2,2,2x8 | #2 | 8ft,2,2x8 | #2 | 8ft,-36.44886363636397,2x8 | #2 | 8ft,-36.44886363636397
"Georgia-Pacific Corp. (Pineland, TX)",False,-38.69948732069571,-0.6344178249294379,0.0,61,61,2x4 | #2 | 10ft,21,2x4 | #1 | 16ft,367.5160719651441,2x6 | #2 | 14ft,-166.90938358516502
"Interfor US, Inc (Georgetown, SC)",False,-39.12841796875,-39.12841796875,-39.12841796875,1,1,2x6 | #2 | 8ft,1,2x6 | #2 | 8ft,-39.12841796875,2x6 | #2 | 8ft,-39.12841796875
"Interfor US, Inc (Perry, GA)",False,-46.803988769530974,-23.401994384765487,-23.401994384765487,2,2,2x8 | #2 | 8ft,1,2x8 | #2 | 12ft,-18.401984863280973,2x8 | #2 | 8ft,-28.402003906250002
"West Fraser Mills Ltd (Joyce, LA)",False,-47.05522304281101,-7.842537173801834,-10.014106515039998,6,6,2x8 | #2 | 10ft,4,2x8 | #2 | 8ft,4.999987686820987,2x8 | #2 | 10ft,-42.055210729631995
"Hardy Technologies, LLC (Lumberton, MS)",False,-50.103691866248994,-25.051845933124497,-25.051845933124497,2,2,2x4 | #2 | 16ft,1,2x6 | #2 | 16ft,-15.007568359375,2x4 | #2 | 16ft,-35.096123506873994
"West Fraser Mills Ltd. (Maplesville, AL)",False,-60.0,-20.0,-20.0,3,3,2x8 | #2 | 10ft,2,2x8 | #2 | 12ft,-20.0,2x8 | #2 | 10ft,-40.0
"Cal-Tex Lumber Co. (Nacogdoches, TX)",False,-60.00020487605002,-60.00020487605002,-60.00020487605002,1,1,2x4 | #2 | 16ft,1,2x4 | #2 | 16ft,-60.00020487605002,2x4 | #2 | 16ft,-60.00020487605002
"Interfor US, Inc (Bay Springs, MS)",False,-63.97548003245299,-63.97548003245299,-63.97548003245299,3,1,2x6 | #2 | 6ft,2,2x6 | #2 | 6ft,0.0,2x4 | #2 | 20ft,-63.97548003245299
"Roseburg Forest Products (Weldon, NC)",False,-72.84873188405805,-36.42436594202903,-36.42436594202903,2,2,2x6 | #2 | 8ft,1,2x6 | #2 | 8ft,-29.150815217391028,2x6 | #2 | 10ft,-43.69791666666703
"Weyerhaeuser NR Company (Holden, LA)",False,-73.42462225274699,-73.42462225274699,-73.42462225274699,1,1,2x4 | #2 | 12ft,1,2x4 | #2 | 12ft,-73.42462225274699,2x4 | #2 | 12ft,-73.42462225274699
"Canfor Southern Pine (Bucks, AL)",False,-78.38152472527503,-78.38152472527503,-78.38152472527503,1,1,2x4 | #2 | 12ft,1,2x4 | #2 | 12ft,-78.38152472527503,2x4 | #2 | 12ft,-78.38152472527503
"Interfor US, Inc (Dequincy, LA)",False,-79.81653564816207,-39.90826782408104,-39.90826782408104,2,2,2x4 | #1 | 12ft,1,2x4 | #1 | 16ft,-27.39208509871105,2x4 | #1 | 12ft,-52.424450549451024
"Canfor Southern Pine (El Dorado, AR)",False,-83.53390297217595,-20.883475743043988,-5.007083065035488,4,4,2x10 | #1 | 18ft,1,2x4 | #2 | 10ft,15.0,2x6 | #1 | 10ft,-88.51973684210498
"Boise Building Solutions/Distribution (Tulsa, OK)",False,-96.09632034632,-96.09632034632,-96.09632034632,1,1,2x4 | #2 | 10ft,1,2x4 | #2 | 10ft,-96.09632034632,2x4 | #2 | 10ft,-96.09632034632
"Georgia-Pacific Corp. (Warrenton, GA)",False,-109.04365937525796,-5.73913996711884,-32.55859375,19,19,2x6 | #2 | 8ft,17,2x6 | #2 | 16ft,36.25,2x6 | #2 | 8ft,-127.98636770859093
"Resolute FP US, Inc (Glenwood, AR)",False,-117.553908656636,-117.553908656636,-117.553908656636,1,1,2x10 | #2 | 14ft,1,2x10 | #2 | 14ft,-117.553908656636,2x10 | #2 | 14ft,-117.553908656636
"Potlatch Land & Lumber, LLC (Waldo, AR)",False,-118.27085320334902,-23.654170640669804,-10.014106515039998,5,5,2x10 | #2 | 12ft,1,2x10 | #2 | 12ft,19.0,2x6 | #1 | 14ft,-117.20986435439602
"Canfor Southern Pine (Estill, SC)",False,-125.0392411630869,-15.629905145385862,-8.08423913043498,8,8,2x6 | #2 | 8ft,5,2x8 | #2 | 8ft,-28.177083333332973,2x8 | #2 | 12ft,-56.440962177579024
"Interfor US, Inc (Eatonton, GA)",False,-132.12762685328198,-18.87537526475457,-23.06954345703099,7,7,2x10 | #2 | 16ft,1,2x4 | #2 | 16ft,21.930288461537998,2x10 | #2 | 16ft,-43.06961093749999
"Interfor US, Inc (Belk, AL)",False,-132.79333555504695,-44.26444518501565,-51.864372054906994,3,3,2x4 | #1 | 20ft,1,2x4 | #2 | 20ft,-28.16863656396498,2x4 | #1 | 20ft,-52.76032693617498
"Littrell Lumber Mill, Inc (Decatur, AL)",False,-147.14194742838504,-147.14194742838504,-147.14194742838504,6,1,4x6 | #2 | 10ft,2,4x6 | #2 | 10ft,0.0,2x4 | #2 | 12ft,-147.14194742838504
"WoodPerfect (Albertville, AL)",False,-151.66663318452396,-25.27777219742066,-9.999983258928495,6,6,2x4 | #2 | 12ft,1,2x8 | #2 | 12ft,10.0,2x6 | #1 | 10ft,-126.66666666666697
"Canfor Southern Pine (Deridder, LA)",False,-166.03194420721695,-23.718849172459564,-26.252575549451024,7,7,2x4 | #1 | 20ft,2,2x4 | #2 | 20ft,29.960245199676024,2x4 | #1 | 20ft,-96.29717796000597
"Vicksburg Forest Products, LLC (Vicksburg, MS)",False,-195.81784410365998,-13.054522940243999,-0.014340466166004262,27,15,4x6 | #2 | 14ft,11,2x4 | #2 | 10ft,109.910574236005,2x6 | #2 | 8ft,-108.33333333333297
"Potlatch Land & Lumber, LLC (Warren, AR)",False,-209.78894335043498,-41.957788670087,-24.962634093571978,5,5,2x10 | #2 | 14ft,2,2x4 | #2 | 18ft,-19.999987980768992,2x10 | #2 | 14ft,-139.86359703558202
"Weyerhaeuser NR Company (Dierks, AR)",False,-415.9652578872481,-46.21836198747201,-42.95896212837698,9,9,2x8 | #2 | 10ft,2,2x10 | #1 | 16ft,-38.84556379442603,2x8 | #2 | 12ft,-95.93098958333405
"Binderholz Timber, LLC (Lake Charles, LA)",False,-430.7188917233559,-215.35944586167795,-215.35944586167795,2,2,2x4 | #2 | 16ft,2,2x4 | #2 | 16ft,-430.7188917233559,2x4 | #2 | 16ft,-430.7188917233559
"Eastex Forest Products (Houston, TX)",False,-565.242282141461,-188.41409404715367,-165.0,12,3,4x4 | #2 | 10ft,5,1x4 | #2 | 12ft,0.0,2x8 | #2 | 10ft,-335.24228214146103
"Mission Forest Products, LP (Corinth, MS)",False,-839.7060867842491,-13.76567355384015,-0.10832251550601768,61,61,2x4 | #2 | 18ft,9,2x8 | #1 | 8ft,30.0,2x8 | #2 | 10ft,-246.16299928871206
"Georgia-Pacific Corp. (Gurdon, AR)",False,-1048.2098854144792,-19.77754500782036,-25.072484673638996,54,53,2x4 | #1 | 16ft,11,2x4 | #1 | 16ft,603.0145348264209,2x4 | #1 | 14ft,-381.89477547213306
"Georgia-Pacific Corp. (Diboll, TX)",False,-1450.7721613005278,-43.96279276668266,-44.99997596153901,33,33,2x4 | #1 | 14ft,6,2x6 | #1 | 16ft,46.66666666666595,2x4 | #1 | 14ft,-339.236452460776
"Doman Lumber (Caddo Mills, TX)",False,-3040.394596972982,-304.0394596972982,-354.999316907051,12,10,2x4 | #1 | 10ft,3,1x4 | #2 | 8ft,0.0,2x4 | #1 | 10ft,-1120.090732054807
"Hatfield Lumber Co (Hatfield, AR)",False,-7290.203620641341,-202.50565612892615,-233.54762271717254,68,36,2x6 | #2 | 20ft,16,6x6 | #2 | 10ft,0.0,2x6 | #2 | 20ft,-3256.7716462239578
