mill,product,total_index_relative_margin,avg_index_relative_margin,n
"Austell Forest Products Inc (Gordo, AL)",1x4 | #2 | 10ft,0.0,,10
"Austell Forest Products Inc (Gordo, AL)",1x4 | #2 | 8ft,0.0,,11
"Beasley Forest Prod - Yawn (Hazlehurst, GA)",2x8 | #2 | 12ft,0.0,0.0,1
"Bienville Lumber Company, LLC (Taylor, LA)",2x6 | #1 | 14ft,-195.70931780134003,-97.85465890067002,2
"Bienville Lumber Company, LLC (Taylor, LA)",2x4 | #1 | 20ft,-136.98238674829895,-68.49119337414947,2
"Bienville Lumber Company, LLC (Taylor, LA)",2x6 | #1 | 20ft,-102.52779980468802,-102.52779980468802,1
"Bienville Lumber Company, LLC (Taylor, LA)",2x6 | #1 | 18ft,-102.527777777778,-102.527777777778,1
"Bienville Lumber Company, LLC (Taylor, LA)",2x6 | #1 | 16ft,-93.18154296875002,-93.18154296875002,1
"Bienville Lumber Company, LLC (Taylor, LA)",2x4 | #2 | 16ft,-90.69134069529622,-6.976256976561247,13
"Bienville Lumber Company, LLC (Taylor, LA)",2x6 | #1 | 12ft,-82.527777777778,-82.527777777778,1
"Bienville Lumber Company, LLC (Taylor, LA)",2x6 | #2 | 20ft,-77.546797574013,-19.38669939350325,4
"Bienville Lumber Company, LLC (Taylor, LA)",2x4 | #1 | 12ft,-64.74149439102598,-21.580498130341994,3
"Bienville Lumber Company, LLC (Taylor, LA)",2x4 | #1 | 8ft,-50.15050147683701,-25.075250738418504,2
"Bienville Lumber Company, LLC (Taylor, LA)",2x8 | #2 | 18ft,-44.63810004340303,-44.63810004340303,1
"Bienville Lumber Company, LLC (Taylor, LA)",2x4 | #1 | 10ft,-30.503642244806997,-15.251821122403499,2
"Bienville Lumber Company, LLC (Taylor, LA)",2x4 | #1 | 14ft,-26.060710023547983,-5.212142004709596,5
"Bienville Lumber Company, LLC (Taylor, LA)",2x8 | #2 | 20ft,-23.046875,-23.046875,1
"Bienville Lumber Company, LLC (Taylor, LA)",2x8 | #2 | 10ft,-20.027470551390024,-10.013735275695012,2
"Bienville Lumber Company, LLC (Taylor, LA)",2x4 | #2 | 8ft,-5.5291221292119985,-5.5291221292119985,1
"Bienville Lumber Company, LLC (Taylor, LA)",2x8 | #2 | 14ft,-5.0,-5.0,1
"Bienville Lumber Company, LLC (Taylor, LA)",2x6 | #2 | 14ft,0.0,0.0,2
"Bienville Lumber Company, LLC (Taylor, LA)",2x4 | #1 | 16ft,1.6529236478989446,0.5509745492996482,3
"Bienville Lumber Company, LLC (Taylor, LA)",2x6 | #2 | 18ft,5.0,2.5,2
"Bienville Lumber Company, LLC (Taylor, LA)",2x10 | #2 | 8ft,14.992329327538016,14.992329327538016,1
"Bienville Lumber Company, LLC (Taylor, LA)",2x4 | #1 | 18ft,24.999615384615026,24.999615384615026,1
"Bienville Lumber Company, LLC (Taylor, LA)",2x10 | #2 | 18ft,35.0,35.0,1
"Bienville Lumber Company, LLC (Taylor, LA)",2x8 | #2 | 12ft,48.55459602864704,4.046216335720587,12
"Bienville Lumber Company, LLC (Taylor, LA)",2x4 | #2 | 14ft,59.91929598626302,11.983859197252604,5
"Bienville Lumber Company, LLC (Taylor, LA)",2x4 | #2 | 20ft,116.17598017746604,14.521997522183256,8
"Bienville Lumber Company, LLC (Taylor, LA)",2x8 | #2 | 16ft,137.46119794000901,45.82039931333634,3
"Bienville Lumber Company, LLC (Taylor, LA)",2x8 | #1 | 12ft,170.0,85.0,2
"Bienville Lumber Company, LLC (Taylor, LA)",2x4 | #2 | 18ft,171.75026779689904,9.54168154427217,18
"Bienville Lumber Company, LLC (Taylor, LA)",2x8 | #1 | 16ft,229.96504199030403,76.655013996768,3
"Bienville Lumber Company, LLC (Taylor, LA)",2x8 | #2 | 8ft,254.9997509178409,25.49997509178409,10
"Bienville Lumber Company, LLC (Taylor, LA)",2x8 | #1 | 8ft,360.00004521908795,90.00001130477199,4
"Bienville Lumber Company, LLC (Taylor, LA)",2x4 | #2 | 12ft,642.4663873083623,10.362361085618748,62
"Bienville Lumber Company, LLC (Taylor, LA)",2x4 | #2 | 10ft,1142.705684910479,24.8414279328365,46
"Binderholz Timber, LLC (Lake Charles, LA)",2x4 | #2 | 16ft,-430.7188917233559,-215.35944586167795,2
"Boise Building Solutions/Distribution (Tulsa, OK)",2x4 | #2 | 10ft,-96.09632034632,-96.09632034632,1
"Cal-Tex Lumber Co. (Nacogdoches, TX)",2x4 | #2 | 16ft,-60.00020487605002,-60.00020487605002,1
"Cal-Tex Lumber Co. (Pollok, TX)",4x4 | #2 | 12ft,0.0,,2
"Cal-Tex Lumber Co. (Pollok, TX)",4x4 | #2 | 8ft,0.0,,8
"Callaway Lumber Co Inc (Bryan, TX)",2x6 | #2 | 8ft,145.260416666667,145.260416666667,1
"Canfor Southern Pine (Bucks, AL)",2x4 | #2 | 12ft,-78.38152472527503,-78.38152472527503,1
"Canfor Southern Pine (Camden, SC)",2x6 | #2 | 8ft,-5.0,-5.0,1
"Canfor Southern Pine (Deridder, LA)",2x4 | #1 | 20ft,-96.29717796000597,-48.148588980002984,2
"Canfor Southern Pine (Deridder, LA)",2x4 | #1 | 18ft,-68.44243589743598,-68.44243589743598,1
"Canfor Southern Pine (Deridder, LA)",2x4 | #1 | 12ft,-26.252575549451024,-26.252575549451024,1
"Canfor Southern Pine (Deridder, LA)",2x8 | #2 | 8ft,-5.0,-5.0,1
"Canfor Southern Pine (Deridder, LA)",2x4 | #2 | 20ft,29.960245199676024,14.980122599838012,2
"Canfor Southern Pine (El Dorado, AR)",2x6 | #1 | 10ft,-88.51973684210498,-88.51973684210498,1
"Canfor Southern Pine (El Dorado, AR)",2x4 | #2 | 14ft,-10.014166130070976,-10.014166130070976,1
"Canfor Southern Pine (El Dorado, AR)",2x10 | #1 | 18ft,0.0,0.0,1
"Canfor Southern Pine (El Dorado, AR)",2x4 | #2 | 10ft,15.0,15.0,1
"Canfor Southern Pine (Estill, SC)",2x8 | #2 | 12ft,-56.440962177579024,-28.220481088789512,2
"Canfor Southern Pine (Estill, SC)",2x6 | #2 | 8ft,-40.4211956521749,-8.08423913043498,5
"Canfor Southern Pine (Estill, SC)",2x8 | #2 | 8ft,-28.177083333332973,-28.177083333332973,1
"Canfor Southern Pine (Graham, NC)",2x6 | #2 | 8ft,-15.0,-15.0,1
"Canfor Southern Pine (Moultrie, GA)",2x8 | #2 | 8ft,-36.44886363636397,-18.224431818181984,2
"Canfor Southern Pine (Strong, AR)",2x10 | #2 | 14ft,-117.44676101611702,-117.44676101611702,1
"Canfor Southern Pine (Strong, AR)",2x10 | #1 | 14ft,-109.72498772266601,-109.72498772266601,1
"Canfor Southern Pine (Strong, AR)",2x10 | #2 | 8ft,-37.783383186749006,-37.783383186749006,1
"Canfor Southern Pine (Strong, AR)",2x8 | #2 | 10ft,-15.0,-15.0,1
"Canfor Southern Pine (Strong, AR)",2x8 | #2 | 12ft,-10.0,-5.0,2
"Canfor Southern Pine (Strong, AR)",2x10 | #1 | 18ft,2.0,2.0,1
"Canfor Southern Pine (Strong, AR)",2x8 | #2 | 8ft,5.0,5.0,1
"Canfor Southern Pine (Strong, AR)",2x12 | #2 | 20ft,258.7890625,51.7578125,5
"Charles Ingram (Effingham, SC)",1x4 | #2 | 10ft,0.0,,1
"Charles Ingram (Effingham, SC)",1x4 | #2 | 12ft,0.0,,1
"Charles Ingram (Effingham, SC)",1x4 | #2 | 14ft,0.0,,1
"Charles Ingram (Effingham, SC)",4x6 | #1 | 16ft,0.0,,2
"Charles Ingram (Effingham, SC)",4x6 | #2 | 12ft,0.0,,2
"Charles Ingram (Effingham, SC)",4x6 | #2 | 8ft,0.0,,2
"Coushatta Forest Products, LLC (Coushatta, LA)",2x8 | #2 | 10ft,-10.025392608797972,-10.025392608797972,1
"Coushatta Forest Products, LLC (Coushatta, LA)",2x4 | #2 | 10ft,-10.0,-10.0,1
"Coushatta Forest Products, LLC (Coushatta, LA)",2x8 | #2 | 12ft,-10.0,-10.0,1
"Coushatta Forest Products, LLC (Coushatta, LA)",4x4 | #2 | 8ft,0.0,,1
"Coushatta Forest Products, LLC (Coushatta, LA)",4x6 | #2 | 14ft,0.0,,1
"Coushatta Forest Products, LLC (Coushatta, LA)",4x6 | #2 | 8ft,0.0,,1
"Doman Lumber (Caddo Mills, TX)",2x4 | #1 | 10ft,-1120.090732054807,-373.3635773516023,3
"Doman Lumber (Caddo Mills, TX)",2x12 | #2 | 10ft,-420.0,-210.0,2
"Doman Lumber (Caddo Mills, TX)",2x4 | #1 | 16ft,-405.064870407933,-405.064870407933,1
"Doman Lumber (Caddo Mills, TX)",2x4 | #1 | 8ft,-355.240396753832,-355.240396753832,1
"Doman Lumber (Caddo Mills, TX)",2x4 | #1 | 12ft,-354.99859775641005,-354.99859775641005,1
"Doman Lumber (Caddo Mills, TX)",2x4 | #2 | 12ft,-195.0,-195.0,1
"Doman Lumber (Caddo Mills, TX)",2x8 | #2 | 12ft,-190.0,-190.0,1
"Doman Lumber (Caddo Mills, TX)",1x4 | #2 | 8ft,0.0,,2
"Doman Lumber (Gilmer, TX)",4x4 | #2 | 10ft,0.0,,2
"Doman Lumber (Hattiesburg, MS)",6x6 | #2 | 10ft,0.0,,1
"Doman Lumber (Hattiesburg, MS)",6x6 | #2 | 8ft,0.0,,1
"Doman Lumber (Magnolia, AR)",1x6 | #2 | 14ft,0.0,,1
"Doman Lumber (Rison, AR)",1x6 | #2 | 12ft,0.0,,1
"Doman Lumber (Rison, AR)",1x6 | #2 | 14ft,0.0,,1
"Doman Lumber (Russellville, AR)",1x6 | #2 | 14ft,0.0,,5
"Dupont Pine Products, LLC (Alapaha, GA)",4x6 | #1 | 8ft,0.0,,15
"Dupont Pine Products, LLC (Alapaha, GA)",4x6 | #2 | 16ft,0.0,,18
"Eastex Forest Products (Houston, TX)",2x8 | #2 | 10ft,-335.24228214146103,-335.24228214146103,1
"Eastex Forest Products (Houston, TX)",2x6 | #2 | 16ft,-165.0,-165.0,1
"Eastex Forest Products (Houston, TX)",2x4 | #2 | 12ft,-65.0,-65.0,1
"Eastex Forest Products (Houston, TX)",1x4 | #2 | 12ft,0.0,,1
"Eastex Forest Products (Houston, TX)",4x4 | #2 | 10ft,0.0,,5
"Eastex Forest Products (Houston, TX)",4x4 | #2 | 12ft,0.0,,1
"Eastex Forest Products (Houston, TX)",4x4 | #2 | 16ft,0.0,,1
"Eastex Forest Products (Houston, TX)",4x4 | #2 | 8ft,0.0,,1
"Georgia-Pacfic Corp (Talladega, AL)",2x6 | #2 | 14ft,-100.610969387755,-25.15274234693875,4
"Georgia-Pacfic Corp (Talladega, AL)",2x6 | #2 | 20ft,-36.94445703125001,-9.236114257812503,4
"Georgia-Pacfic Corp (Talladega, AL)",2x6 | #2 | 12ft,-5.0000082736549984,-1.2500020684137496,4
"Georgia-Pacfic Corp (Talladega, AL)",2x6 | #2 | 16ft,80.00001416015601,20.000003540039003,4
"Georgia-Pacfic Corp (Talladega, AL)",2x6 | #2 | 8ft,150.18298739346594,15.018298739346594,10
"Georgia-Pacfic Corp (Talladega, AL)",2x6 | #2 | 10ft,194.039930555556,38.8079861111112,5
"Georgia-Pacfic Corp (Talladega, AL)",2x4 | #2 | 8ft,245.989132067912,245.989132067912,1
"Georgia-Pacific Corp. (Diboll, TX)",2x4 | #1 | 14ft,-339.236452460776,-56.539408743462666,6
"Georgia-Pacific Corp. (Diboll, TX)",2x4 | #1 | 20ft,-190.95018036014994,-47.737545090037486,4
"Georgia-Pacific Corp. (Diboll, TX)",2x4 | #1 | 12ft,-190.23340594951907,-63.41113531650635,3
"Georgia-Pacific Corp. (Diboll, TX)",2x4 | #1 | 10ft,-189.29893830128196,-94.64946915064098,2
"Georgia-Pacific Corp. (Diboll, TX)",2x4 | #2 | 14ft,-165.01926218075,-55.006420726916666,3
"Georgia-Pacific Corp. (Diboll, TX)",2x4 | #1 | 18ft,-157.206009615384,-78.603004807692,2
"Georgia-Pacific Corp. (Diboll, TX)",2x4 | #2 | 18ft,-84.99995192307802,-42.49997596153901,2
"Georgia-Pacific Corp. (Diboll, TX)",2x4 | #2 | 20ft,-76.85101165912101,-25.61700388637367,3
"Georgia-Pacific Corp. (Diboll, TX)",2x4 | #1 | 16ft,-66.59429632587296,-33.29714816293648,2
"Georgia-Pacific Corp. (Diboll, TX)",2x8 | #2 | 8ft,-46.545557617187,-46.545557617187,1
"Georgia-Pacific Corp. (Diboll, TX)",2x8 | #2 | 12ft,-41.54542824074099,-41.54542824074099,1
"Georgia-Pacific Corp. (Diboll, TX)",2x6 | #2 | 12ft,20.0,20.0,1
"Georgia-Pacific Corp. (Diboll, TX)",2x6 | #2 | 16ft,31.041666666667027,31.041666666667027,1
"Georgia-Pacific Corp. (Diboll, TX)",2x6 | #1 | 16ft,46.66666666666595,23.333333333332973,2
"Georgia-Pacific Corp. (Dudley, NC)",2x6 | #2 | 8ft,33.695652173913004,16.847826086956502,2
"Georgia-Pacific Corp. (Gurdon, AR)",2x4 | #1 | 14ft,-381.89477547213306,-42.43275283023701,9
"Georgia-Pacific Corp. (Gurdon, AR)",2x6 | #2 | 14ft,-274.058230714598,-68.5145576786495,4
"Georgia-Pacific Corp. (Gurdon, AR)",2x4 | #1 | 10ft,-228.910200742393,-57.22755018559825,4
"Georgia-Pacific Corp. (Gurdon, AR)",2x4 | #1 | 18ft,-154.218492254274,-30.8436984508548,5
"Georgia-Pacific Corp. (Gurdon, AR)",2x6 | #1 | 10ft,-120.88815789473699,-120.88815789473699,1
"Georgia-Pacific Corp. (Gurdon, AR)",2x4 | #2 | 10ft,-115.47042085997003,-38.490140286656676,3
"Georgia-Pacific Corp. (Gurdon, AR)",2x4 | #2 | 16ft,-98.90925480769295,-32.969751602564315,3
"Georgia-Pacific Corp. (Gurdon, AR)",2x4 | #1 | 12ft,-83.13498483287503,-41.56749241643752,2
"Georgia-Pacific Corp. (Gurdon, AR)",2x4 | #2 | 12ft,-60.363423978365006,-30.181711989182503,2
"Georgia-Pacific Corp. (Gurdon, AR)",2x4 | #1 | 8ft,-60.28283739104296,-30.14141869552148,2
"Georgia-Pacific Corp. (Gurdon, AR)",2x6 | #1 | 14ft,-52.20982142857099,-52.20982142857099,1
"Georgia-Pacific Corp. (Gurdon, AR)",2x4 | #2 | 8ft,-25.865601311207,-25.865601311207,1
"Georgia-Pacific Corp. (Gurdon, AR)",2x4 | #1 | 20ft,-15.0,-15.0,1
"Georgia-Pacific Corp. (Gurdon, AR)",2x8 | #2 | 10ft,-10.018137172833008,-10.018137172833008,1
"Georgia-Pacific Corp. (Gurdon, AR)",4x4 | #2 | 8ft,0.0,,1
"Georgia-Pacific Corp. (Gurdon, AR)",2x8 | #2 | 8ft,29.99991861979197,9.99997287326399,3
"Georgia-Pacific Corp. (Gurdon, AR)",2x4 | #1 | 16ft,603.0145348264209,54.81950316603827,11
"Georgia-Pacific Corp. (Mexia, AL)",4x4 | #2 | 10ft,0.0,,4
"Georgia-Pacific Corp. (Mexia, AL)",4x4 | #2 | 12ft,0.0,,4
"Georgia-Pacific Corp. (Mexia, AL)",4x4 | #2 | 14ft,0.0,,3
"Georgia-Pacific Corp. (Mexia, AL)",4x4 | #2 | 16ft,0.0,,2
"Georgia-Pacific Corp. (Mexia, AL)",4x4 | #2 | 8ft,0.0,,5
"Georgia-Pacific Corp. (Mexia, AL)",4x6 | #2 | 10ft,0.0,,20
"Georgia-Pacific Corp. (Mexia, AL)",4x6 | #2 | 12ft,0.0,,4
"Georgia-Pacific Corp. (Mexia, AL)",4x6 | #2 | 14ft,0.0,,4
"Georgia-Pacific Corp. (Mexia, AL)",4x6 | #2 | 16ft,0.0,,3
"Georgia-Pacific Corp. (Mexia, AL)",4x6 | #2 | 18ft,0.0,,1
"Georgia-Pacific Corp. (Mexia, AL)",4x6 | #2 | 20ft,0.0,,3
"Georgia-Pacific Corp. (Mexia, AL)",4x6 | #2 | 8ft,0.0,,1
"Georgia-Pacific Corp. (Pineland, TX)",2x6 | #2 | 14ft,-166.90938358516502,-55.636461195055006,3
"Georgia-Pacific Corp. (Pineland, TX)",2x4 | #2 | 14ft,-134.99893014225,-44.99964338075,3
"Georgia-Pacific Corp. (Pineland, TX)",2x4 | #2 | 20ft,-127.01510477182597,-127.01510477182597,1
"Georgia-Pacific Corp. (Pineland, TX)",2x4 | #2 | 12ft,-120.794871794872,-60.397435897436,2
"Georgia-Pacific Corp. (Pineland, TX)",2x4 | #2 | 16ft,-99.23176398278991,-19.846352796557984,5
"Georgia-Pacific Corp. (Pineland, TX)",2x6 | #2 | 20ft,-43.26388888888903,-43.26388888888903,1
"Georgia-Pacific Corp. (Pineland, TX)",2x6 | #2 | 16ft,-40.0,-40.0,1
"Georgia-Pacific Corp. (Pineland, TX)",2x4 | #2 | 10ft,-23.935136217946933,-1.1397683913308063,21
"Georgia-Pacific Corp. (Pineland, TX)",2x8 | #2 | 18ft,60.0,6.0,10
"Georgia-Pacific Corp. (Pineland, TX)",2x8 | #1 | 20ft,73.333289930555,36.6666449652775,2
"Georgia-Pacific Corp. (Pineland, TX)",2x8 | #2 | 20ft,99.99993229166807,24.99998307291702,4
"Georgia-Pacific Corp. (Pineland, TX)",2x4 | #2 | 8ft,116.600297875676,29.150074468919,4
"Georgia-Pacific Corp. (Pineland, TX)",2x4 | #1 | 16ft,367.5160719651441,91.87901799128602,4
"Georgia-Pacific Corp. (Rome, GA)",2x4 | #2 | 20ft,-20.049903834595,-20.049903834595,1
"Georgia-Pacific Corp. (Rome, GA)",2x6 | #2 | 8ft,-15.769716796875002,-7.884858398437501,2
"Georgia-Pacific Corp. (Warrenton, GA)",2x6 | #2 | 8ft,-127.98636770859093,-7.528609865211231,17
"Georgia-Pacific Corp. (Warrenton, GA)",2x6 | #2 | 12ft,-17.307291666667027,-17.307291666667027,1
"Georgia-Pacific Corp. (Warrenton, GA)",2x6 | #2 | 16ft,36.25,36.25,1
"Gloster Forest Products (Gloster, MS)",2x4 | #1 | 20ft,-108.595105021184,-54.297552510592,2
"Gloster Forest Products (Gloster, MS)",2x10 | #2 | 16ft,-71.32020796045299,-71.32020796045299,1
"Gloster Forest Products (Gloster, MS)",2x4 | #2 | 16ft,-39.478499954926974,-39.478499954926974,1
"Gloster Forest Products (Gloster, MS)",2x10 | #2 | 12ft,-25.9375,-25.9375,1
"Gloster Forest Products (Gloster, MS)",2x10 | #2 | 8ft,-0.07889115312497097,-0.039445576562485485,2
"Gloster Forest Products (Gloster, MS)",2x6 | #2 | 10ft,0.0,0.0,1
"Gloster Forest Products (Gloster, MS)",4x4 | #2 | 12ft,0.0,,1
"Gloster Forest Products (Gloster, MS)",4x4 | #2 | 14ft,0.0,,1
"Gloster Forest Products (Gloster, MS)",2x8 | #2 | 10ft,14.984851785467981,14.984851785467981,1
"Gloster Forest Products (Gloster, MS)",2x8 | #2 | 8ft,22.173896484375007,22.173896484375007,1
"Gloster Forest Products (Gloster, MS)",2x10 | #1 | 16ft,41.083578939518986,13.694526313172995,3
"Gloster Forest Products (Gloster, MS)",2x4 | #2 | 10ft,79.44049972426114,13.240083287376857,6
"Gloster Forest Products (Gloster, MS)",2x4 | #2 | 12ft,85.535714285714,42.767857142857,2
"Gloster Forest Products (Gloster, MS)",2x6 | #2 | 8ft,91.08694590693,45.543472953465,2
"Griffin Lumber Company, Inc. (Cordele, GA)",4x6 | #2 | 10ft,0.0,,2
"Griffin Lumber Company, Inc. (Cordele, GA)",4x6 | #2 | 12ft,0.0,,2
"Hankins Lumber Company, Inc (Grenada, MS)",4x6 | #2 | 10ft,0.0,,2
"Hardy Technologies, LLC (Lumberton, MS)",2x4 | #2 | 16ft,-35.096123506873994,-35.096123506873994,1
"Hardy Technologies, LLC (Lumberton, MS)",2x6 | #2 | 16ft,-15.007568359375,-15.007568359375,1
"Harrigan Lumber Company, Inc. (Monroeville, AL)",4x6 | #2 | 10ft,0.0,,5
"Harrigan Lumber Company, Inc. (Monroeville, AL)",4x6 | #2 | 14ft,0.0,,1
"Harrigan Lumber Company, Inc. (Monroeville, AL)",4x6 | #2 | 16ft,0.0,,10
"Harrigan Lumber Company, Inc. (Monroeville, AL)",4x6 | #2 | 18ft,0.0,,3
"Harrigan Lumber Company, Inc. (Monroeville, AL)",4x6 | #2 | 8ft,0.0,,2
"Harrigan Lumber Company, Inc. (Monroeville, AL)",2x10 | #1 | 14ft,49.982142059912974,49.982142059912974,1
"Hatfield Lumber Co (Hatfield, AR)",2x6 | #2 | 20ft,-3256.7716462239578,-203.54822788899736,16
"Hatfield Lumber Co (Hatfield, AR)",2x6 | #2 | 12ft,-1289.473606770833,-161.18420084635412,8
"Hatfield Lumber Co (Hatfield, AR)",2x6 | #2 | 18ft,-974.6609565972219,-243.66523914930548,4
"Hatfield Lumber Co (Hatfield, AR)",2x4 | #2 | 18ft,-934.660974358974,-233.6652435897435,4
"Hatfield Lumber Co (Hatfield, AR)",2x4 | #2 | 12ft,-357.306009615384,-178.653004807692,2
"Hatfield Lumber Co (Hatfield, AR)",2x6 | #2 | 16ft,-243.66520507812504,-243.66520507812504,1
"Hatfield Lumber Co (Hatfield, AR)",2x4 | #2 | 16ft,-233.66522199684505,-233.66522199684505,1
"Hatfield Lumber Co (Hatfield, AR)",6x6 | #2 | 10ft,0.0,,4
"Hatfield Lumber Co (Hatfield, AR)",6x6 | #2 | 14ft,0.0,,8
"Hatfield Lumber Co (Hatfield, AR)",6x6 | #2 | 16ft,0.0,,10
"Hatfield Lumber Co (Hatfield, AR)",6x6 | #2 | 20ft,0.0,,10
"Homan Forest Products Corporate, Inc (Fulton, MS)",4x6 | #2 | 10ft,0.0,,14
"Homan Forest Products Corporate, Inc (Fulton, MS)",4x6 | #2 | 12ft,0.0,,12
"Homan Forest Products Corporate, Inc (Fulton, MS)",4x6 | #2 | 14ft,0.0,,5
"Homan Forest Products Corporate, Inc (Fulton, MS)",4x6 | #2 | 16ft,0.0,,21
"Homan Forest Products Corporate, Inc (Fulton, MS)",4x6 | #2 | 20ft,0.0,,34
"Homan Forest Products Corporate, Inc (Fulton, MS)",4x6 | #2 | 8ft,0.0,,5
"Homan Forest Products Corporate, Inc (Fulton, MS)",6x6 | #2 | 16ft,0.0,,8
"Homan Forest Products Corporate, Inc (Fulton, MS)",6x6 | #2 | 20ft,0.0,,5
"Homan Forest Products Corporate, Inc (Fulton, MS)",6x6 | #2 | 8ft,0.0,,1
"Hood Industries, Inc (Waynesboro, MS)",2x12 | #2 | 8ft,10.0,10.0,1
"Hood Industries, Inc. (Bogalusa, LA)",2x8 | #2 | 10ft,-60.26699807643104,-8.609571153775862,7
"Hood Industries, Inc. (Bogalusa, LA)",2x6 | #1 | 20ft,-45.0,-45.0,1
"Hood Industries, Inc. (Bogalusa, LA)",2x4 | #2 | 14ft,-19.95758746512098,-9.97879373256049,2
"Hood Industries, Inc. (Bogalusa, LA)",2x6 | #1 | 12ft,-10.0,-10.0,1
"Hood Industries, Inc. (Bogalusa, LA)",2x4 | #2 | 12ft,-7.3571187900649875,-1.051016970009284,7
"Hood Industries, Inc. (Bogalusa, LA)",2x4 | #2 | 18ft,4.999955484329973,4.999955484329973,1
"Hood Industries, Inc. (Bogalusa, LA)",2x6 | #1 | 16ft,5.0,5.0,1
"Hood Industries, Inc. (Bogalusa, LA)",2x6 | #2 | 10ft,10.0,10.0,1
"Hood Industries, Inc. (Bogalusa, LA)",2x6 | #2 | 20ft,24.99998307291702,24.99998307291702,1
"Hood Industries, Inc. (Bogalusa, LA)",2x8 | #2 | 12ft,49.99998578558899,7.142855112226998,7
"Hood Industries, Inc. (Bogalusa, LA)",2x4 | #1 | 20ft,55.039349139097,55.039349139097,1
"Hood Industries, Inc. (Bogalusa, LA)",2x8 | #2 | 8ft,82.49999145507803,16.499998291015608,5
"Hood Industries, Inc. (Bogalusa, LA)",2x8 | #2 | 16ft,104.98956807386699,52.494784036933495,2
"Hood Industries, Inc. (Silver Creek, MS)",2x8 | #2 | 10ft,-10.05653737552899,-5.028268687764495,2
"Hood Industries, Inc. (Silver Creek, MS)",2x8 | #2 | 14ft,-10.0,-10.0,1
"Hood Industries, Inc. (Silver Creek, MS)",2x8 | #2 | 8ft,-4.999982910156007,-2.4999914550780034,2
"Hood Industries, Inc. (Silver Creek, MS)",2x8 | #2 | 12ft,-2.0,-0.3333333333333333,6
"Hood Industries, Inc. (Silver Creek, MS)",2x4 | #2 | 10ft,-0.10686378483899261,-0.10686378483899261,1
"Hood Industries, Inc. (Silver Creek, MS)",4x4 | #2 | 12ft,0.0,,3
"Hood Industries, Inc. (Silver Creek, MS)",2x6 | #1 | 20ft,8.0,8.0,1
"Hood Industries, Inc. (Silver Creek, MS)",2x6 | #2 | 8ft,10.000026324727969,5.0000131623639845,2
"Hood Industries, Inc. (Silver Creek, MS)",2x6 | #2 | 10ft,30.0,10.0,3
"Interfor US, Inc (Baxley, GA)",2x8 | #2 | 12ft,-18.446370442707973,-18.446370442707973,1
"Interfor US, Inc (Baxley, GA)",2x8 | #2 | 8ft,10.957855113636015,10.957855113636015,1
"Interfor US, Inc (Bay Springs, MS)",2x4 | #2 | 20ft,-63.97548003245299,-63.97548003245299,1
"Interfor US, Inc (Bay Springs, MS)",2x6 | #2 | 6ft,0.0,,2
"Interfor US, Inc (Belk, AL)",2x4 | #1 | 20ft,-52.76032693617498,-52.76032693617498,1
"Interfor US, Inc (Belk, AL)",2x4 | #2 | 8ft,-51.864372054906994,-51.864372054906994,1
"Interfor US, Inc (Belk, AL)",2x4 | #2 | 20ft,-28.16863656396498,-28.16863656396498,1
"Interfor US, Inc (Dequincy, LA)",2x4 | #1 | 12ft,-52.424450549451024,-52.424450549451024,1
"Interfor US, Inc (Dequincy, LA)",2x4 | #1 | 16ft,-27.39208509871105,-27.39208509871105,1
"Interfor US, Inc (Eatonton, GA)",2x10 | #2 | 16ft,-43.06961093749999,-43.06961093749999,1
"Interfor US, Inc (Eatonton, GA)",2x8 | #2 | 16ft,-28.127094253621976,-28.127094253621976,1
"Interfor US, Inc (Eatonton, GA)",2x8 | #2 | 8ft,-28.046875,-28.046875,1
"Interfor US, Inc (Eatonton, GA)",2x6 | #2 | 16ft,-23.06954345703099,-23.06954345703099,1
"Interfor US, Inc (Eatonton, GA)",2x8 | #2 | 12ft,-23.046875,-23.046875,1
"Interfor US, Inc (Eatonton, GA)",2x6 | #2 | 12ft,-8.697916666667027,-8.697916666667027,1
"Interfor US, Inc (Eatonton, GA)",2x4 | #2 | 16ft,21.930288461537998,21.930288461537998,1
"Interfor US, Inc (Georgetown, SC)",2x6 | #2 | 8ft,-39.12841796875,-39.12841796875,1
"Interfor US, Inc (Perry, GA)",2x8 | #2 | 8ft,-28.402003906250002,-28.402003906250002,1
"Interfor US, Inc (Perry, GA)",2x8 | #2 | 12ft,-18.401984863280973,-18.401984863280973,1
"Interfor US, Inc (Preston, GA)",2x8 | #2 | 12ft,-32.524305555556,-32.524305555556,1
"Interfor US, Inc (Thomaston, GA)",2x8 | #2 | 12ft,-28.697916666667027,-28.697916666667027,1
"Jack Batte and Sons, Inc. (Forest, MS)",4x6 | #2 | 10ft,0.0,,4
"Jack Batte and Sons, Inc. (Forest, MS)",4x6 | #2 | 12ft,0.0,,3
"Jack Batte and Sons, Inc. (Forest, MS)",4x6 | #2 | 14ft,0.0,,1
"Jack Batte and Sons, Inc. (Forest, MS)",4x6 | #2 | 16ft,0.0,,9
"Jack Batte and Sons, Inc. (Forest, MS)",4x6 | #2 | 18ft,0.0,,1
"Jack Batte and Sons, Inc. (Forest, MS)",4x6 | #2 | 20ft,0.0,,4
"Jack Batte and Sons, Inc. (Forest, MS)",4x6 | #2 | 8ft,0.0,,5
"Jasper Lumber Co, Inc (Jasper, AL)",4x4 | #1 | 12ft,0.0,,2
"Jasper Lumber Co, Inc (Jasper, AL)",4x4 | #2 | 12ft,0.0,,1
"KyKenKee, Inc (Vance, AL)",4x4 | #2 | 8ft,0.0,,1
"LaSalle Lumber Company, LLC (Olla, LA)",2x4 | #1 | 20ft,-255.42995381335493,-85.14331793778497,3
"LaSalle Lumber Company, LLC (Olla, LA)",2x4 | #1 | 18ft,-191.88980063935708,-63.96326687978569,3
"LaSalle Lumber Company, LLC (Olla, LA)",2x4 | #1 | 12ft,-148.443510259272,-74.221755129636,2
"LaSalle Lumber Company, LLC (Olla, LA)",2x6 | #1 | 12ft,-110.659722222222,-110.659722222222,1
"LaSalle Lumber Company, LLC (Olla, LA)",2x6 | #1 | 10ft,-110.65971875000002,-110.65971875000002,1
"LaSalle Lumber Company, LLC (Olla, LA)",2x6 | #1 | 16ft,-110.659711914063,-110.659711914063,1
"LaSalle Lumber Company, LLC (Olla, LA)",2x6 | #1 | 20ft,-109.81872526041695,-109.81872526041695,1
"LaSalle Lumber Company, LLC (Olla, LA)",2x4 | #1 | 16ft,-94.15797114517602,-94.15797114517602,1
"LaSalle Lumber Company, LLC (Olla, LA)",2x4 | #1 | 14ft,-93.89042627173205,-93.89042627173205,1
"LaSalle Lumber Company, LLC (Olla, LA)",2x4 | #1 | 10ft,-64.67295210622302,-64.67295210622302,1
"LaSalle Lumber Company, LLC (Olla, LA)",2x6 | #2 | 20ft,-52.944078947367984,-52.944078947367984,1
"LaSalle Lumber Company, LLC (Olla, LA)",2x4 | #2 | 16ft,-32.97118213480894,-10.990394044936314,3
"LaSalle Lumber Company, LLC (Olla, LA)",2x8 | #2 | 12ft,9.999983072917018,4.999991536458509,2
"LaSalle Lumber Company, LLC (Olla, LA)",2x4 | #2 | 20ft,17.479329862056034,5.826443287352011,3
"LaSalle Lumber Company, LLC (Olla, LA)",2x8 | #2 | 8ft,40.0,20.0,2
"LaSalle Lumber Company, LLC (Olla, LA)",2x8 | #2 | 16ft,54.98178893548601,54.98178893548601,1
"LaSalle Lumber Company, LLC (Olla, LA)",2x4 | #2 | 18ft,55.000042172739995,11.000008434547999,5
"LaSalle Lumber Company, LLC (Olla, LA)",2x6 | #2 | 10ft,65.0,32.5,2
"LaSalle Lumber Company, LLC (Olla, LA)",2x6 | #2 | 8ft,65.0,32.5,2
"LaSalle Lumber Company, LLC (Olla, LA)",2x8 | #1 | 16ft,69.947582614358,69.947582614358,1
"LaSalle Lumber Company, LLC (Olla, LA)",2x6 | #1 | 14ft,108.34051983173003,27.08512995793251,4
"LaSalle Lumber Company, LLC (Olla, LA)",2x4 | #2 | 12ft,405.0003522285891,11.571438635102547,35
"LaSalle Lumber Company, LLC (Olla, LA)",2x4 | #2 | 10ft,591.3829873633501,21.903073606050004,27
"Langdale Forest Products Co (Barnesville, GA)",2x4 | #2 | 6ft,0.0,,1
"Langdale Forest Products Co (Barnesville, GA)",4x6 | #2 | 10ft,0.0,,1
"Lincoln Lumber Co, Inc (Brookhaven, MS)",4x6 | #2 | 10ft,0.0,,1
"Lincoln Lumber Co, Inc (Brookhaven, MS)",8x8 | #2 | 16ft,0.0,,2
"Littrell Lumber Mill, Inc (Decatur, AL)",2x4 | #2 | 12ft,-147.14194742838504,-147.14194742838504,1
"Littrell Lumber Mill, Inc (Decatur, AL)",4x6 | #2 | 10ft,0.0,,2
"Littrell Lumber Mill, Inc (Decatur, AL)",4x6 | #2 | 12ft,0.0,,1
"Littrell Lumber Mill, Inc (Decatur, AL)",4x6 | #2 | 8ft,0.0,,1
"Littrell Lumber Mill, Inc (Decatur, AL)",6x6 | #2 | 7ft,0.0,,1
"Martco Limited Partnership - Plywood Div (Chopin, LA)",6x6 | #2 | 8ft,0.0,,3
"Meadwestvaco Corporation (Cottonton, AL)",4x6 | #1 | 14ft,0.0,,1
"Meadwestvaco Corporation (Cottonton, AL)",4x6 | #2 | 14ft,0.0,,5
"Meadwestvaco Corporation (Cottonton, AL)",4x6 | #2 | 16ft,0.0,,1
"Mid South Lumber, Inc (Meridian, MS)",2x4 | #2 | 16ft,-35.042614218397944,-35.042614218397944,1
"Mid South Lumber, Inc (Meridian, MS)",2x4 | #2 | 14ft,-5.033054303499,-5.033054303499,1
"Mid South Lumber, Inc (Meridian, MS)",2x4 | #1 | 14ft,39.96724619016999,39.96724619016999,1
"Mid South Lumber, Inc (Meridian, MS)",2x6 | #2 | 16ft,89.99996715198802,22.499991787997004,4
"Mission Forest Products, LP (Corinth, MS)",2x8 | #2 | 10ft,-246.16299928871206,-49.232599857742414,5
"Mission Forest Products, LP (Corinth, MS)",2x4 | #2 | 18ft,-207.53066693376206,-23.05896299264023,9
"Mission Forest Products, LP (Corinth, MS)",2x4 | #2 | 20ft,-128.05269529914398,-32.013173824785994,4
"Mission Forest Products, LP (Corinth, MS)",2x8 | #2 | 8ft,-91.57034859035303,-22.89258714758826,4
"Mission Forest Products, LP (Corinth, MS)",2x4 | #1 | 20ft,-69.32302352835097,-69.32302352835097,1
"Mission Forest Products, LP (Corinth, MS)",2x4 | #2 | 16ft,-60.272068461144045,-15.068017115286011,4
"Mission Forest Products, LP (Corinth, MS)",2x4 | #1 | 12ft,-51.135868818681956,-12.783967204670489,4
"Mission Forest Products, LP (Corinth, MS)",2x4 | #1 | 10ft,-36.61583713965098,-9.153959284912744,4
"Mission Forest Products, LP (Corinth, MS)",2x4 | #1 | 18ft,-33.50605413105404,-11.168684710351348,3
"Mission Forest Products, LP (Corinth, MS)",2x4 | #2 | 14ft,-4.880296200902023,-2.4401481004510117,2
"Mission Forest Products, LP (Corinth, MS)",2x4 | #2 | 10ft,-0.5656047172599301,-0.09426745287665501,6
"Mission Forest Products, LP (Corinth, MS)",2x6 | #2 | 14ft,-4.2925824004669266e-05,-4.2925824004669266e-05,1
"Mission Forest Products, LP (Corinth, MS)",2x4 | #2 | 12ft,5.0,1.6666666666666667,3
"Mission Forest Products, LP (Corinth, MS)",2x4 | #1 | 16ft,9.995910033353994,4.997955016676997,2
"Mission Forest Products, LP (Corinth, MS)",2x8 | #2 | 12ft,10.000011800129982,3.3333372667099943,3
"Mission Forest Products, LP (Corinth, MS)",2x4 | #2 | 8ft,14.84826572225802,14.84826572225802,1
"Mission Forest Products, LP (Corinth, MS)",2x4 | #1 | 14ft,20.06523169484791,5.016307923711977,4
"Mission Forest Products, LP (Corinth, MS)",2x8 | #1 | 8ft,30.0,30.0,1
"Pinecrest Lbr / Green Bay Packaging (Plumerville, AR)",2x4 | #2 | 10ft,-48.535856473134004,-24.267928236567002,2
"Pinecrest Lbr / Green Bay Packaging (Plumerville, AR)",2x4 | #2 | 12ft,-48.46157451923,-24.230787259615,2
"Pinecrest Lbr / Green Bay Packaging (Plumerville, AR)",4x4 | #2 | 12ft,0.0,,3
"Pinecrest Lbr / Green Bay Packaging (Plumerville, AR)",4x4 | #2 | 14ft,0.0,,1
"Pinecrest Lbr / Green Bay Packaging (Plumerville, AR)",4x4 | #2 | 16ft,0.0,,2
"Pinecrest Lbr / Green Bay Packaging (Plumerville, AR)",4x4 | #2 | 8ft,0.0,,2
"Pinecrest Lbr / Green Bay Packaging (Plumerville, AR)",4x6 | #2 | 10ft,0.0,,8
"Pinecrest Lbr / Green Bay Packaging (Plumerville, AR)",4x6 | #2 | 12ft,0.0,,1
"Pinecrest Lbr / Green Bay Packaging (Plumerville, AR)",4x6 | #2 | 14ft,0.0,,3
"Pinecrest Lbr / Green Bay Packaging (Plumerville, AR)",4x6 | #2 | 16ft,0.0,,4
"Pinecrest Lbr / Green Bay Packaging (Plumerville, AR)",4x6 | #2 | 8ft,0.0,,7
"Pinecrest Lbr / Green Bay Packaging (Plumerville, AR)",2x4 | #2 | 8ft,141.35256988277797,70.67628494138899,2
"Pinecrest Lbr / Green Bay Packaging (Plumerville, AR)",2x4 | #2 | 14ft,222.313445816664,111.156722908332,2
"Pinecrest Lbr / Green Bay Packaging (Plumerville, AR)",2x4 | #2 | 16ft,231.49199909849006,115.74599954924503,2
"Pollard Lumber Co, Inc (Appling, GA)",4x6 | #2 | 10ft,0.0,,1
"Potlatch Land & Lumber, LLC (Waldo, AR)",2x6 | #1 | 14ft,-117.20986435439602,-117.20986435439602,1
"Potlatch Land & Lumber, LLC (Waldo, AR)",2x10 | #2 | 14ft,-10.093892311813988,-10.093892311813988,1
"Potlatch Land & Lumber, LLC (Waldo, AR)",2x8 | #2 | 10ft,-10.014106515039998,-10.014106515039998,1
"Potlatch Land & Lumber, LLC (Waldo, AR)",2x10 | #2 | 16ft,0.04700997790098427,0.04700997790098427,1
"Potlatch Land & Lumber, LLC (Waldo, AR)",2x10 | #2 | 12ft,19.0,19.0,1
"Potlatch Land & Lumber, LLC (Warren, AR)",2x10 | #2 | 14ft,-139.86359703558202,-69.93179851779101,2
"Potlatch Land & Lumber, LLC (Warren, AR)",2x4 | #2 | 20ft,-49.92535833408397,-24.962679167041983,2
"Potlatch Land & Lumber, LLC (Warren, AR)",2x4 | #2 | 18ft,-19.999987980768992,-19.999987980768992,1
"RB Lumber Co, LLC dba DS Smith Riceboro Lumber (Riceboro, GA)",4x6 | #2 | 16ft,0.0,,34
"Resolute FP US, Inc (Glenwood, AR)",2x10 | #2 | 14ft,-117.553908656636,-117.553908656636,1
"Rex Lumber Troy, LLC (Troy, AL)",2x4 | #2 | 16ft,-50.107955826009004,-50.107955826009004,1
"Rex Lumber Troy, LLC (Troy, AL)",4x4 | #2 | 10ft,0.0,,5
"Rex Lumber Troy, LLC (Troy, AL)",2x12 | #2 | 14ft,10.0,10.0,1
"Rex Lumber Troy, LLC (Troy, AL)",2x12 | #2 | 16ft,49.999983181424,49.999983181424,1
"Rex Lumber Troy, LLC (Troy, AL)",2x6 | #2 | 12ft,69.99997482638798,34.99998741319399,2
"Rex Lumber-Brookhaven (Brookhaven, MS)",2x8 | #1 | 16ft,11.801793403470981,11.801793403470981,1
"Rex Lumber-Brookhaven (Brookhaven, MS)",2x8 | #1 | 8ft,19.565217391303975,19.565217391303975,1
"Roseburg Forest Products (Weldon, NC)",2x6 | #2 | 10ft,-43.69791666666703,-43.69791666666703,1
"Roseburg Forest Products (Weldon, NC)",2x6 | #2 | 8ft,-29.150815217391028,-29.150815217391028,1
"Snider Industries, LLP (Marshall, TX)",1x4 | #2 | 14ft,0.0,,3
"Southeast Forest Products Mfg, Inc (Louisville, AL)",4x4 | #2 | 12ft,0.0,,1
"Southeast Forest Products Mfg, Inc (Louisville, AL)",4x6 | #2 | 10ft,0.0,,3
"Southeast Forest Products Mfg, Inc (Louisville, AL)",2x6 | #2 | 16ft,20.0,20.0,1
"Southeast Forest Products Mfg, Inc (Louisville, AL)",2x8 | #2 | 12ft,24.999987413193992,24.999987413193992,1
"Southeast Forest Products Mfg, Inc (Louisville, AL)",2x8 | #2 | 16ft,49.97203355972795,24.986016779863974,2
"Southeast Forest Products Mfg, Inc (Louisville, AL)",2x8 | #2 | 10ft,79.9485654759319,19.987141368982975,4
"Southeastern Timber Products, LLC (Ackerman, MS)",2x4 | #2 | 16ft,-10.063798401967006,-10.063798401967006,1
"Southeastern Timber Products, LLC (Ackerman, MS)",2x4 | #2 | 20ft,-0.41052916253499916,-0.41052916253499916,1
"Southeastern Timber Products, LLC (Ackerman, MS)",4x4 | #1 | 12ft,0.0,,5
"Southeastern Timber Products, LLC (Ackerman, MS)",4x4 | #1 | 14ft,0.0,,2
"Southeastern Timber Products, LLC (Ackerman, MS)",4x4 | #2 | 10ft,0.0,,1
"Southeastern Timber Products, LLC (Ackerman, MS)",4x4 | #2 | 12ft,0.0,,7
"Southeastern Timber Products, LLC (Ackerman, MS)",4x4 | #2 | 14ft,0.0,,6
"Southeastern Timber Products, LLC (Ackerman, MS)",4x6 | #1 | 10ft,0.0,,1
"Southeastern Timber Products, LLC (Ackerman, MS)",4x6 | #1 | 14ft,0.0,,2
"Southeastern Timber Products, LLC (Ackerman, MS)",4x6 | #1 | 20ft,0.0,,1
"Southeastern Timber Products, LLC (Ackerman, MS)",4x6 | #2 | 14ft,0.0,,1
"Southeastern Timber Products, LLC (Ackerman, MS)",4x6 | #2 | 8ft,0.0,,1
"Southeastern Timber Products, LLC (Ackerman, MS)",2x4 | #2 | 10ft,19.796037839902056,9.898018919951028,2
"Southeastern Timber Products, LLC (Ackerman, MS)",2x4 | #2 | 12ft,44.999957074175995,22.499978537087998,2
"Trimjoist Corporation (Columbus, MS)",2x4 | #1 | 12ft,64.980844350962,64.980844350962,1
"Two Rivers Lumber Company, LLC (Demopolis, AL)",2x4 | #2 | 10ft,-16.0,-16.0,1
"Vicksburg Forest Products, LLC (Vicksburg, MS)",2x6 | #2 | 8ft,-108.33333333333297,-108.33333333333297,1
"Vicksburg Forest Products, LLC (Vicksburg, MS)",2x6 | #2 | 14ft,-106.78056318681303,-106.78056318681303,1
"Vicksburg Forest Products, LLC (Vicksburg, MS)",2x4 | #1 | 14ft,-66.75108180506896,-33.37554090253448,2
"Vicksburg Forest Products, LLC (Vicksburg, MS)",2x4 | #1 | 16ft,-66.74308894230796,-66.74308894230796,1
"Vicksburg Forest Products, LLC (Vicksburg, MS)",2x4 | #1 | 18ft,-36.216168091168015,-36.216168091168015,1
"Vicksburg Forest Products, LLC (Vicksburg, MS)",2x4 | #1 | 12ft,-14.999979300214022,-14.999979300214022,1
"Vicksburg Forest Products, LLC (Vicksburg, MS)",2x8 | #2 | 10ft,-0.02844698120600242,-0.01422349060300121,2
"Vicksburg Forest Products, LLC (Vicksburg, MS)",2x8 | #2 | 12ft,0.0,0.0,3
"Vicksburg Forest Products, LLC (Vicksburg, MS)",4x6 | #2 | 10ft,0.0,,1
"Vicksburg Forest Products, LLC (Vicksburg, MS)",4x6 | #2 | 14ft,0.0,,11
"Vicksburg Forest Products, LLC (Vicksburg, MS)",2x4 | #1 | 8ft,30.094440867138985,30.094440867138985,1
"Vicksburg Forest Products, LLC (Vicksburg, MS)",2x10 | #2 | 8ft,64.029802433307,64.029802433307,1
"Vicksburg Forest Products, LLC (Vicksburg, MS)",2x4 | #2 | 10ft,109.910574236005,109.910574236005,1
"West Fraser Mills Ltd (Joyce, LA)",2x8 | #2 | 10ft,-42.055210729631995,-10.513802682407999,4
"West Fraser Mills Ltd (Joyce, LA)",2x8 | #2 | 12ft,-10.0,-10.0,1
"West Fraser Mills Ltd (Joyce, LA)",2x8 | #2 | 8ft,4.999987686820987,4.999987686820987,1
"West Fraser Mills Ltd (New Boston, TX)",2x8 | #2 | 10ft,-15.025175796509984,-15.025175796509984,1
"West Fraser Mills Ltd (New Boston, TX)",2x8 | #2 | 8ft,-15.000016867898012,-15.000016867898012,1
"West Fraser Mills Ltd (New Boston, TX)",2x10 | #1 | 18ft,15.5,7.75,2
"West Fraser Mills Ltd. (Henderson, TX)",2x4 | #2 | 14ft,-30.015024683408,-30.015024683408,1
"West Fraser Mills Ltd. (Mansfield, AR)",2x10 | #2 | 14ft,-30.027233358631975,-15.013616679315987,2
"West Fraser Mills Ltd. (Mansfield, AR)",4x4 | #2 | 12ft,0.0,,1
"West Fraser Mills Ltd. (Mansfield, AR)",4x6 | #1 | 14ft,0.0,,1
"West Fraser Mills Ltd. (Mansfield, AR)",4x6 | #2 | 14ft,0.0,,7
"West Fraser Mills Ltd. (Mansfield, AR)",4x6 | #2 | 16ft,0.0,,2
"West Fraser Mills Ltd. (Mansfield, AR)",2x8 | #2 | 8ft,21.95653490149499,21.95653490149499,1
"West Fraser Mills Ltd. (Maplesville, AL)",2x8 | #2 | 10ft,-40.0,-20.0,2
"West Fraser Mills Ltd. (Maplesville, AL)",2x8 | #2 | 12ft,-20.0,-20.0,1
"West Fraser Mills Ltd. (Newberry, SC)",2x6 | #2 | 10ft,-10.000043402777976,-10.000043402777976,1
"West Fraser Mills Ltd. (Newberry, SC)",2x6 | #2 | 8ft,4.2034647037780815e-05,1.4011549012593605e-05,3
"West Fraser Mills Ltd. (Opelika, AL)",2x8 | #2 | 10ft,-0.014106515039998158,-0.014106515039998158,1
"West Fraser Mills Ltd. (Opelika, AL)",2x8 | #2 | 12ft,0.0,0.0,1
"West Fraser Mills Ltd. (Russellville, AR)",4x4 | #2 | 12ft,0.0,,3
"West Fraser Mills Ltd. (Russellville, AR)",4x4 | #2 | 14ft,0.0,,1
"West Fraser Mills Ltd. (Russellville, AR)",4x4 | #2 | 16ft,0.0,,1
"West Fraser Mills Ltd. (Russellville, AR)",4x4 | #2 | 18ft,0.0,,1
"West Fraser Mills Ltd. (Russellville, AR)",4x4 | #2 | 20ft,0.0,,1
"West Fraser Mills Ltd. (Russellville, AR)",4x6 | #1 | 14ft,0.0,,1
"West Fraser Mills Ltd. (Russellville, AR)",4x6 | #2 | 10ft,0.0,,2
"West Fraser Mills Ltd. (Russellville, AR)",4x6 | #2 | 14ft,0.0,,2
"West Fraser Mills Ltd. (Russellville, AR)",4x6 | #2 | 16ft,0.0,,5
"West Fraser Mills Ltd. (Russellville, AR)",4x6 | #2 | 8ft,0.0,,1
"Westervelt Lumber Division (Moundville, AL)",4x6 | #1 | 8ft,0.0,,1
"Westervelt Lumber Division (Moundville, AL)",4x6 | #2 | 14ft,0.0,,1
"Westervelt Lumber Division (Moundville, AL)",4x6 | #2 | 16ft,0.0,,3
"Westervelt Lumber Division (Moundville, AL)",4x6 | #2 | 8ft,0.0,,1
"Westervelt Lumber Division (Moundville, AL)",2x4 | #2 | 10ft,75.84876173288598,15.169752346577194,5
"Westervelt Lumber Division (Moundville, AL)",2x4 | #2 | 12ft,135.0,27.0,5
"Weyerhaeuser NR Company (Bruce, MS)",2x6 | #2 | 20ft,-91.269097222222,-45.634548611111,2
"Weyerhaeuser NR Company (Bruce, MS)",2x4 | #2 | 10ft,41.82990039212092,13.943300130706973,3
"Weyerhaeuser NR Company (Bruce, MS)",2x4 | #2 | 12ft,75.38289835164801,18.845724587912002,4
"Weyerhaeuser NR Company (Dierks, AR)",2x8 | #2 | 12ft,-95.93098958333405,-47.96549479166703,2
"Weyerhaeuser NR Company (Dierks, AR)",2x8 | #2 | 10ft,-85.91792425675396,-42.95896212837698,2
"Weyerhaeuser NR Company (Dierks, AR)",2x6 | #2 | 14ft,-62.424450549451024,-62.424450549451024,1
"Weyerhaeuser NR Company (Dierks, AR)",2x6 | #2 | 16ft,-47.780539772727025,-47.780539772727025,1
"Weyerhaeuser NR Company (Dierks, AR)",2x6 | #1 | 18ft,-42.532899305555986,-42.532899305555986,1
"Weyerhaeuser NR Company (Dierks, AR)",2x6 | #1 | 20ft,-42.53289062499999,-42.53289062499999,1
"Weyerhaeuser NR Company (Dierks, AR)",2x10 | #1 | 16ft,-38.84556379442603,-38.84556379442603,1
"Weyerhaeuser NR Company (Holden, LA)",2x4 | #2 | 12ft,-73.42462225274699,-73.42462225274699,1
"Weyerhaeuser NR Company (Philadelphia, MS)",2x8 | #2 | 12ft,-35.659722222221944,-17.829861111110972,2
"Weyerhaeuser NR Company (Philadelphia, MS)",2x8 | #2 | 14ft,-15.707417582417975,-7.853708791208987,2
"Weyerhaeuser NR Company (Philadelphia, MS)",2x4 | #1 | 20ft,16.58359709924298,16.58359709924298,1
"Weyerhaeuser NR Company (Philadelphia, MS)",2x4 | #1 | 18ft,90.88313167735004,45.44156583867502,2
"WoodPerfect (Albertville, AL)",2x6 | #1 | 10ft,-126.66666666666697,-126.66666666666697,1
"WoodPerfect (Albertville, AL)",2x4 | #2 | 12ft,-10.0,-10.0,1
"WoodPerfect (Albertville, AL)",2x6 | #1 | 16ft,-10.0,-10.0,1
"WoodPerfect (Albertville, AL)",2x6 | #1 | 14ft,-9.99996651785699,-9.99996651785699,1
"WoodPerfect (Albertville, AL)",2x6 | #1 | 12ft,-5.0,-5.0,1
"WoodPerfect (Albertville, AL)",2x8 | #2 | 12ft,10.0,10.0,1
