address,lat,lon
"27710 Highway Blvd, Katy, TX 77494",,
"4600 S Old Wire Rd, Rogers, AR 72758",,
"190 Old Roebuck Rd, Moore, SC 29369",,
"608 Pederson Rd, Katy, TX 77494",,
"1801 Bradbury Ct, Gastonia, NC 28052",,
"Park Falls, WI 54552",,
"1609 Industrial Dr, Henderson, TX 75652",,
"610 S Walnut Ave, Princeville, IL 61559",,
"400 N Steel Rd, Columbus, MS 39701",,
"4255 McEver Industrial Dr NW, Acworth, GA 30101",,
"3300 Pinson Valley Pkwy, Birmingham, AL 35217-0729",,
"365 W Prosper Trail, Prosper, TX 75078",,
"Hazlehurst, GA 31539",,
"3625 Old Getwell Rd, Memphis, TN 38118",,
"698 State Highway 179, Teague, TX 75860",,
"3520 S Riverview Rd, Port Allen, LA 70767",,
"11500 Eastex Frwy, Houston, TX 77093",,
"101 Goforth Rd, Ft Worth, TX 76126",,
"2260 Flowood Dr, Flowood, MS 39232",,
"301 W Irving Park Rd, Wood Dale, IL 60191",,
"4052 Hwy 184 N, Toccoa, GA 30577",,
"6802 Safety Steel Dr, Corpus Christi, TX 78414",,
"7000 Granger Rd, Independence, OH 44131",,
"808 W Randolph, Mc Leansboro, IL 62859",,
"Viola, AR 72583",,
"208 Wagon Wheel Rd, Monroe, LA 71202",,
"601 E Dodge St, Fremont, NE 68025",,
"102 Westside Blvd NW, Roanoke, VA 24017",,
"Bucks, AL 36512",,
"925 Hastings Ave, Searcy, AR 72143",,
"Rison, AR 71665",,
"817 Shields St, Channelview, TX 77530",,
"Tulsa, OK 74146",,
"11308 Hwy 36, Bellville, TX 77418",,
"2411 Audie Murphy Pkwy, Farmersville, TX 75442",,
"402 S IH-45 Service Rd, Hutchins, TX 75141",,
"Opelika, AL 36801",,
"4700 Little York Rd, Houston, TX 77093",,
"Belk, AL 35545",,
"2000 Independence Ave NW, Decatur, AL 35601",,
"480 CR 411, Seminole, TX 79360",,
"500 Harris Pkwy, Riverside, AL 35135",,
"5590 Mudd St, Lincoln, AL 35096",,
"New Orleans, LA 70115",,
"3280 North Freeway, Fort Worth, TX 76111",,
"10290 Old Hwy 78, Olive Branch, MS 38654",,
"1211 E Richey Rd, Houston, TX 77073",,
"1730 Hwy 2227, Somerset, KY 42503",,
"1324 2nd St, Rock Island, IL 61201",,
"722 Winer Industrial Way, Lawrenceville, GA 30046",,
"Carrollton, GA 30117",,
"Albany, GA 31705",,
"1312 W Stanford Ave, Englewood, CO 80110",,
"Florien, LA 71429",,
"500 Terminal Rd, Fort Worth, TX 76106",,
"Livingston, TX 77351",,
"1000 N. MacArthur Blvd, Grand Prairie, TX 75050",,
"Hermanville, MS 39086",,
"950 N Masch Branch Rd, Denton, TX 76207",,
"2065 FM 1102, New Braunfels, TX 78132",,
"900 NE Loop 7, Athens, TX 75752",,
"1650 Reynolds Rd, Nashville, TN 37217",,
"Dierks, AR 71833",,
"10197 FM 156, Fort Worth, TX 76131",,
"548 Tammany Lane, Hamilton, MT 59840",,
"1610 Staley Ave, Savannah, GA 31405",,
"1300 E Oak St, Dekalb, IL 60115",,
"7135 US Hwy 64 E, Pottsville, AR 72858",,
"Winnepeg, MB R3L 0L6",,
"12251 FM 529, Houston, TX 77041",,
"177 Airport St, Centreville, AL 35042",,
"Huntsville, TX 77340",,
"10106 N Tudor Rd, Berrien Springs, MI 49103",,
"1217 N Van Buren, Enid, OK 73701",,
"120 E CR 200 N, Arthur, IL 61911",,
"Appling, GA 29728",,
"22561 Main St, Ranburne, AL 36273",,
"Corinth, MS 38834",,
"Lake Charles, LA 70601",,
"Bearden, AR 71720",,
"4692 Leonard Rd, Bryan, TX 77807",,
"2210 W Morris St, Indianapolis, IN 46221",,
"4517 N Point Blvd, Baltimore, MD 21219",,
"120 Parker St, Mc Intyre, GA 31054",,
"272 State Rd E, Tunas, MO 65764",,
"3901 Vero Rd, Baltimore, MD 21227",,
"Hector, AR 72843",,
"Spavinaw, OK 74366",,
"417 Idlewild Rd, Grand Prairie, TX 75051",,
"801 E McLeroy, Saginaw, TX 76179",,
"5146 Hwy 182 E, Columbus, MS 39702",,
"Thorsby, AL 35171",,
"78 Kashway Lane, Benton, KY 42025",,
"400 Airlane Dr, Benton, AR 72015",,
"300 Warren Church Rd, Florien, LA 71429",,
"7014 Pleasanton Pkwy, Pflugerville, TX 78660",,
"1200 S Buckeye Ave, Abilene, KS 67410",,
"Alapaha, GA 31622",,
"Garland, TX 75041",,
"25058 Regal Dr, Abingdon, VA 24211",,
"6201 S 129th E Ave, Broken Arrow, OK 74012",,
"c/o Garvey Warehouse, Wichita, KS 67215",,
"2200 Nelson St, Panama City, FL 32401",,
"24600 Wood Ct, Macomb, MI 48042",,
"121 H.O. Forgy Drive, Jackson, TN 38301",,
"Lumberton, MS 39455",,
"2469 US Hwy 77, Lott, TX 76656",,
"Atoka, OK 74525",,
"155 Lightner Rd, Tipp City, OH 45371",,
"3730 AL Hwy 69 N, Cullman, AL 35058",,
"Cottonton, AL 36851",,
"Bessemer, AL 35020",,
"2810 S County Rd 1207, Midland, TX 79706",,
"Havana, FL 32333",,
"Eldon, MO 65026",,
"Dudley, GA 31022",,
"7501 Schneider, Houston, TX 77093",,
"1220 Dorsett Rd, Austin, TX 78727",,
"79404 US Hwy 278, Blountsville, AL 35031",,
"305 S New Albany St, Sellersburg, IN 47172",,
"Navasota, TX 77868",,
"1839 Batesville Rd, Batesville, AR 72501",,
"4878 Yonah Homer Rd, Alto, GA 30510",,
"Woodville, MS 39669",,
"3461 FM 934, Itasca, TX 76055",,
"6290 Hwy 69 N, Porter, OK 74454",,
"15000 Camino Real, Niederwald, TX 78640",,
"7192 Hwy 84 W, Ferriday, LA 71334",,
"1870 FM 407, Rhome, TX 76078",,
"6651 E State Hwy 137, Blytheville, AR 72315",,
"Thomaston, GA 30286",,
"2000 S Market St, Hearne, TX 77859",,
"Wilkesboro, NC 28697",,
"Weldon, NC 27890",,
"Houston, TX 77040",,
"1050 Technology Blvd., Hutto, TX 78634",,
"400 Locust St, Whitesboro, TX 76273",,
"1989 Peachleaf St., Houston, TX 77039",,
"Pollock, LA 71467",,
"400 Industrial Park Dr, Pelham, AL 35124",,
"15055 Henry Rd, Houston, TX 77060",,
"1274 Church Ave NW, Rainsville, AL 35986",,
"Monroeville, AL 36460",,
"Vicksburg, MS 39183",,
"714 Anna St, Big Spring, TX 79720",,
"301 E Donovan Rd, Kansas City, KS 66115",,
"4955 Mason Rd, Atlanta, GA 30349",,
"Pocahontas, AR 72455",,
"2707 N Barnes, Springfield, MO 65803",,
"333 Fleming Rd, Birmingham, AL 35127",,
"3801 Raytown Rd, Kansas City, MO 64129",,
"Millport, AL 35576",,
"473 Old Lincoln Rd, Fayetteville, TN 37334",,
"Leola, AR 72084",,
"Graham, NC 27253",,
"10625 Needham Street, Houston, TX 77013",,
"Perry, GA 31069",,
"1219 E. Yeagua St, Groesbeck, TX 76642",,
"737 Prairie Dupont Dr., Dupo, IL 62239",,
"520 S 6th Ave, Mansfield, TX 76063",,
"252 W Jay Louden Rd, Carrollton, KY 41008",,
"3155 Steele Station Rd, Rainbow City, AL 35906",,
"Elora, TN 37328",,
"320 FM 1746, Woodville, TX 75979",,
"Crossville, TN 38555",,
"1020 Rankin Rd, Houston, TX 77073",,
"Plymouth, NC 27962",,
"12425 S Collins Ave, Gentry, AR 72734",,
"7650 NW 69th Ave, Medley, FL 33166",,
"2725 Riverport Rd, Memphis, TN 38109",,
"2674 NW Hwy 102, Scammon, KS 66773",,
"Hattiesburg, MS 39401",,
"200 Cody Lane, Sherman, TX 75092",,
"34593 S 4350 Rd, Adair, OK 74330",,
"1600 S Prairie Dr, Sycamore, IL 60178",,
"Houston, TX 77086",,
"3809 GA Hwy 32 W, Douglas, GA 31533",,
"501 N 16th St, La Porte, TX 77571",,
"41542 Hwy 195, Haleyville, AL 35565",,
"1212 Bammel Rd, Houston, TX 77073",,
"Deridder, LA 70634",,
"31455 Weld Co Rd 39 1/2, Greeley, CO 80631",,
"2323 Irving Blvd, Dallas, TX 75207",,
"16949 Hwy 1, Harrisburg, AR 72432",,
"708 Co-Op Dr, Halls, TN 38040",,
"Northport, AL 35476",,
"800 Ferguson Dr, Corsicana, TX 75110",,
"1 Industrial Ave, Middleton, TN 38052",,
"2580 Meeting Street Rd, North Charleston, SC 29405",,
"4101 IH-45 South, Ennis, TX 75119",,
"1101 Regal Row, Austin, TX 78748",,
"1670 Hicks Field Rd East, Ft Worth, TX 76179",,
"Baxley, GA 31513",,
"10207 N Ivory Ave, Lubbock, TX 79403",,
"4220 Rio Grande Care Rd, Edinburg, TX 78541",,
"Birmingham, AL 35207",,
"100 E 5th St, Corinth, MS 38834",,
"3960 W 900 S, Milroy, IN 46156",,
"Holden, LA 70744",,
"3001 Progress Way, Sellersburg, IN 47172",,
"6974 E 38th St, Tulsa, OK 74145",,
"Rome, GA 30165",,
"5100 N IH-35, Round Rock, TX 78681",,
"12002 IH-27, Amarillo, TX 79119",,
"5329 Powers Ave, Jacksonville, FL 32207",,
"8623 Old Dowd Rd, Charlotte, NC 28214",,
"15543 IH-45 South, Conroe, TX 77385",,
"3505 County Rd 920, Crowley, TX 76036",,
"2510 Electronics Dr., Anniston, AL 36207",,
"1085 CR 239, Florence, TX 76527",,
"3810 Transport St, Ventura, CA 93003",,
"4100 Platinum Way, Dallas, TX 75237",,
"11600 Sterling Parkway, Richmond, IL 60071",,
"543 Barton St, Prichard, AL 36610",,
"Meridian, MS 39302",,
"1416 Cranston Rd, Beloit, WI 53511",,
"Grayson, AL 35572",,
"Estill, SC 29918",,
"Centerville, MO 63633",,
"Decatur, AL 35602",,
"Lufkin, TX 75901",,
"200 1 Cain Pkwy, Rochelle, IL 61068",,
"Caddo Mills, TX 75135",,
"2212 SE 67th St, Oklahoma City, OK 73149",,
"1 Nucor Way, Bourbonnais, IL 60914",,
"242 Post Oak Ln, Brookeland, TX 75931",,
"5202 Red Bluff Rd, Pasadena, TX 77503",,
"514 Hwy 43 S, Tuscumbia, AL 35674",,
"1555 255th St, Sheffield, IA 50475",,
"800 Spring St Ext, Fulton, MS 38843",,
"Moundville, AL 35474",,
"2001 Brittmoore Rd, Houston, TX 77043",,
"2101 Maden Dr, Morristown, TN 37813",,
"Camden, SC 29020-1026",,
"Crest Exterior Doors, San Antonio, TX 78297",,
"2765 Michigan Ave Rd NE, Cleveland, TN 37323",,
"Halfway, MO 65663",,
"111 Duncan Rd, Golden, MS 38847",,
"Huttig, AR 71747",,
"540 Carson Rd N, Birmingham, AL 35217",,
"Marianna, FL 32448-7598",,
"Magnolia, AR 71753",,
"306 NW 25th St, Grand Prairie, TX 75050",,
"810 Atchison St, Saint Joseph, MO 64503",,
"22 Nucor Dr, Frostproof, FL 33843",,
"Ackerman, MS 39735",,
"1000 N Greenville Ave, Richardson, TX 75081",,
"Half Way, MO 65663",,
"Mc Shan, AL 35471",,
"13115 Wetmore Rd, San Antonio, TX 78247",,
"801 5th St, Graham, TX 76450",,
"8827 Clinton Dr, Houston, TX 77029",,
"9901 Dragstrip Rd, Keithville, LA 71047",,
"1617 Ciguena Dr, Edinburg, TX 78541",,
"Wyandotte, OK 74370",,
"801 Industrial Pkwy, West Monroe, LA 71291",,
"8100 Churchill Ave, Leeds, AL 35094",,
"Houston, TX 77026",,
"931 Millersville Ave, Howards Grove, WI 53083",,
"1420 S Spencer Rd, Newton, KS 67114",,
"1415 W Wm J Bryan Pkwy, Bryan, TX 77803",,
"107 Industrial Blvd, Del Rio, TX 77840",,
"603 S Main St, Carrollton, MO 64633",,
"15020 Parker Rd, Biloxi, MS 39532",,
"El Dorado, AR 71730",,
"220 Gym St, Taylor, TX 76574",,
"Warrenton, GA 30828",,
"159 Putman St, Sulphur Springs, TX 75482",,
"1002 Section Line St, Malvern, AR 72104",,
"Fort Worth, TX 76106",,
"4949 Amon Carter Blvd, Fort Worth, TX 76155",,
"1035 Graham Rd, Ashland City, TN 37015",,
"3620 Regal Blvd, Memphis, TN 38118",,
"1940 Co Rd 3703, Bullard, TX 75757",,
"903 Hodgkins St, Houston, TX 77032",,
"19437 N FM 493, Edinburg, TX 78542",,
"Goshen, VA 24439",,
"110 Industrial Park, Selmer, TN 38375",,
"751 Aleen St, Houston, TX 77229",,
"1220 Shotwell St, Houston, TX 77020",,
"3532 S Burleson Blvd, Alvarado, TX 76009",,
"1195 Victory Dr SW, Atlanta, GA 30310",,
"301 Clinton St, Brenham, TX 77833",,
"3636 Dan Morton Dr, Dallas, TX 75236",,
"5 American Way, Shawnee, OK 74804",,
"3855 Lima St, Denver, CO 80239",,
"3513 11th Ave N, Birmingham, AL 35234",,
"Georgetown, SC 29440",,
"Kinards, SC 29355",,
"625 Hancock Ind Way, Unit B, Athens, GA 30605",,
"Jefferson, TX 75657",,
"5704 N Seminary Rd, Edinburg, TX 78541",,
"5100 Cross Continents, Houston, TX 77032",,
"13165 Donop Rd, Elmendorf, TX 78112",,
"Exeter, MO 65647",,
"13375 Rodesiler Hwy, Ottawa Lake, MI 49267",,
"5112 N National Dr, Knoxville, TN 37914",,
"2630 S Jefferson Ave, Mt Pleasant, TX 75456",,
"Lanett, AL 36863",,
"11343 E Tecumseh St, Tulsa, OK 74116",,
"3855 - Paragon White Iron, Sunnyvale, CA 94085",,
"4740 Hungerford Rd, Memphis, TN 38118",,
"7797 E State Hwy 52, Webb, AL 36376",,
"10051 Porter Rd, La Porte, TX 77571",,
"405 McCarty St, Houston, TX 77057",,
"Malvern, AR 72104",,
"2441 River Rd, Council Bluffs, IA 51501",,
"450 E Co Rd 200 N, Arcola, IL 61910",,
"1600 Richie Court, Rochelle, IL 61068",,
"5000 Westpark Dr SW, Atlanta, GA 30336",,
"3411 Gault Ave S, Fort Payne, AL 35967",,
"Sylvania, AL 35988",,
"333 Grove Ave, Bonne Terre, MO 63628",,
"2479 County Street 2865, Chickasha, OK 73018",,
"205 East St, Boyceville, WI 54725",,
"121 La Paz St, Dallas, TX 75217",,
"2800 Miller Rd, Midlothian, TX 76065",,
"Gurdon, AR 71743",,
"3700 Noble Ave, Ft Worth, TX 76111",,
"610 Industrial Ave, Salisbury, NC 28144",,
"439 Thompson Dr, Douglas, GA 31535",,
"647 Industrial Park Dr, Claxton, GA 30417",,
"2203 Quincy St, Dallas, TX 75212",,
"Shuqualak, MS 39361",,
"1201 S Sheridan St, South Bend, IN 46619",,
"725 Kesler Rd, Cleveland, NC 27013",,
"1405 Martinez Ln, Wylie, TX 75098",,
"22305 FM 227 East, Kennard, TX 75847",,
"Chopin, LA 71447",,
"4341 Cedar Lake Dr., Dallas, TX 75227",,
"615 N Co Rd 250 E, Tuscola, IL 61953",,
"DBA Protemex, Pharr, TX 78577",,
"6629 Muriel St, Jacksonville, FL 32254",,
"Ogden, UT 84404",,
"101 AlumaForm Way, Walnut, MS 38683",,
"Pulaski, TN 38478",,
"11356 IH-10 Frontage Rd, Baytown, TX 77523",,
"627 N Main St, Irving, TX 75061",,
"4435 S Western Blvd, Stock Yards, IL 60609",,
"Effingham, SC 29541",,
"2908 Stephen F Austin, Brownwood, TX 76801",,
"611 S 4th St, Ft. Smith, AR 72901",,
"1313 Conception St, Prichard, AL 36610",,
"505 North I-35 East, Desoto, TX 75115",,
"10650 State Hwy 30, College Station, TX 77845",,
"15993 Diplomatic Plaza Dr, Houston, TX 77032",,
"2204 N Longview St, Kilgore, TX 75662",,
"15590 CR 543, Nevada, TX 75173",,
"110 Gignilliat Cir, Savannah, GA 31408",,
"103 Industrial Dr, Camp Douglas, WI 54618",,
"2600 N Longview St, Kilgore, TX 75662",,
"740 N Market St, Shreveport, LA 71107",,
"1010 S Preston Hwy, Shepherdsville, KY 40165",,
"235 CR 1030, Woodville, TX 75979",,
"12892 Market St, Houston, TX 77015",,
"690 South FM 1626, Buda, TX 78610",,
"2001 E Ave K, Grand Prairie, TX 75050",,
"440 Industrial Dr, Moscow, TN 38057",,
"Prosperity, SC 29127",,
"60051 Camp Villere Rd, Slidell, LA 70460",,
"5402 West 1st Street, Jacksonville, FL 32254",,
"5426 N Olive Branch Rd, Madison, IN 47250",,
"Carthage, TX 75633",,
"14909 Notestine Rd, Grabill, IN 46741",,
"8018 Hwy 67 S (Hwy C), Poplar Bluff, MO 63901",,
"407 W 6th St, Hearne, TX 77859",,
"825 Collins Ave, Marysville, OH 43040",,
"Russellville, AR 72802",,
"15665 Hwy 77, Winfield, KS 67156",,
"WV-72 South, Hendricks, WV 26271",,
"379 Old 68 Loop, Auburn, KY 42206",,
"1340 Channel Ave, Memphis, TN 38113",,
"Ennis, TX 75119",,
"Cordele, GA 31015",,
"Corner Calhoun & NE 8th St, Fort Worth, TX 76164",,
"2871 West Commerece PO BOX 750, Buffalo, TX 75831",,
"200 Midstate Dr, Brent, AL 35034",,
"Albertville, AL 35950",,
"Oakdale, LA 71463",,
"Maplesville, AL 36750",,
"Houston, TX 77029",,
"2893 FM 1094, Sealy, TX 77474",,
"249 Naron Cir., Pollok, TX 75969",,
"Steelville, MO 65565",,
"463 McLaughlin Rd, Greenville, GA 30222",,
"Pollok, TX 75969",,
"3086 State Hwy 43 E, Henderson, TX 75652",,
"17606 212th St, Bloomfield, IA 52537",,
"3420 Fairfield Ct, Lafayette, IN 47909",,
"Vauxhall, AB T0K 2K0",,
"7314 Bagby Ave, Waco, TX 76712",,
"1112 E Airline Hwy, La Place, LA 70068",,
"Grove Hill, AL 36451",,
"4444 S Douglas Blvd, Oklahoma City, OK 73150",,
"Somerset, KY 42503",,
"500 Avenue H, Carter Lake, IA 51510",,
"1210 W School Rd, Waskom, TX 75692",,
"Bryan, TX 77803",,
"Demopolis, AL 36732",,
"1502 Strawn Rd, Houston, TX 77039",,
"17055 Kinsman Rd, Middlefield, OH 44062",,
"424 South 8th St, Skidmore, TX 78389",,
"5176 N CR 1015, Armorel, AR 72310",,
"337 N 700 W, Wolcott, IN 47995",,
"15822 Trammel Rd, Grabill, IN 46741",,
"Ridgeway, VA 24148",,
"1388 S IH-45, Ferris, TX 75125",,
"2745 E Renfro St, Burleson, TX 76028",,
"1031 Bammel Rd, Houston, TX 77073",,
"8664 Quintana Rd, San Antonio, TX 78211",,
"1601 61st Place S, Meridian, MS 39307",,
"15915 S Trimjoist Ln, Kuna, ID 83634",,
"213 E McLeroy Blvd, Saginaw, TX 76179",,
"325 S Geneva St, Lindon, UT 84042",,
"7160 W Grand Ledge Hwy, Sunfield, MI 48890",,
"3970 Image Dr, Dayton, OH 45414",,
"Dequincy, LA 70633",,
"Jasper, AL 35501",,
"105 Small St, Harrisburg, IL 62946",,
"14252 Hwy 105 E, Plantersville, TX 77363",,
"Hosford, FL 32334",,
"250 N Post Rd, Arcadia, OK 73007",,
"19378 W Hwy 12, Gentry, AR 72734",,
"1320 Post N Paddock St, Ste 400, Grand Prairie, TX 75050",,
"2825 Storey Lane, Dallas, TX 75220",,
"1916 Hwy 159, Gordo, AL 35466",,
"8110 E Marion St, Wichita, KS 67210",,
"4558 CR 3323, Quinlan, TX 75474",,
"930 Hensley Lane, Wylie, TX 75098",,
"160 Montgomery Rd, Ghent, KY 41045",,
"Vanderbilt, TX 77991",,
"Waynesboro, MS 39367",,
"16420 S Hwy 75, Glenpool, OK 74033",,
"602 S Indiana, Brownsville, TX 78521",,
"2133 N Barnes, Springfield, MO 65803",,
"Sugarland, TX 77478",,
"11202 Cordoba Dr, Houston, TX 77038",,
"9221 N FM 493, Donna, TX 78537",,
"7967 Blankenship Dr, Houston, TX 77055",,
"Atlanta, TX 75551",,
"Gloster, MS 39638",,
"Mc David, FL 32568",,
"105 Pease St, Bryan, TX 77801",,
"1250 Roundhouse Rd, Guthrie, OK 73044",,
"2901 Dixie Wood Dr, Pine Bluff, AR 71602",,
"New Boston, TX 75570",,
"Bogalusa, LA 70427",,
"26 Midwest Ln, Strafford, MO 65757",,
"365 Conroe Park West Dr, Conroe, TX 77303",,
"Grenada, MS 38902",,
"Waldo, AR 71770",,
"7800 Jensen Dr, Houston, TX 77093",,
"1230 TN-156, South Pittsburg, TN 37380",,
"Warren, AR 71671",,
"340 CR 306, Seminole, TX 79360",,
"2201 W Risinger Rd, Ft Worth, TX 76134",,
"19440 Judson Rd, San Antonio, TX 78259",,
"280 Ellis-Smeathers Rd, Owensboro, KY 42303",,
"Salem, AR 72576",,
"5815 Schuler St, Houston, TX 77007",,
"Carthage, AR 71725",,
"4752 Central College Rd., Westerville, OH 43081",,
"Chapman, AL 36015",,
"1012 W Wintergreen Rd, Hutchins, TX 75141",,
"Verona, MO 65769",,
"Monticello, AR 71655",,
"3800 New Herman Rd, Fayetteville, TN 37334",,
"310 W Dewitt Henry Dr, Beebe, AR 72012",,
"600 Foundry Dr, Longview, TX 75604",,
"2062 CR 4514, Hondo, TX 78861",,
"8079 Van Zyverden Rd, Meridian, MS 39305",,
"4201 Old Denton Rd, Haltom City, TX 76117",,
"1035 Eddie Rd, San Antonio, TX 78219",,
"1101 Syphrit Rd, Wellford, SC 29385",,
"1084 Hwy 7 E, Center, TX 75935",,
"Zwolle, LA 71486",,
"122 Leesley Lane, Argyle, TX 76226",,
"Fairfax, SC 29827",,
"29 Sawmill Lane, Amity, AR 71921",,
"4019 Rose St, Schiller Park, IL 60176",,
"500 Cantrell Street, Waxahachie, TX 75165",,
"500 Madix Dr, Eclectic, AL 36024",,
"Fort Worth, TX 76140",,
"Middlefield, OH 44062",,
"771 Bodcau Station Rd, Haughton, LA 71037",,
"Plumerville, AR 72127",,
"3320 E Lockwood Dr, Houston, TX 77026",,
"Coeur D Alene, ID 83814",,
"5308 Smothers Rd, Westerville, OH 43081",,
"1554 Springhead Church Rd, Willacoochee, GA 31650",,
"3779 Pine Lane, Bessemer, AL 35022",,
"Magnolia, MS 39652",,
"1040 Jack Wells Blvd., Shreveport, LA 71107",,
"165 Commerce Lane, Bolivar, TN 38008",,
"136 W Main St, Markleville, IN 46056",,
"Joyce, LA 71440",,
"nan, nan nan",,
"1468 Northpark Dr NW, Decatur, AL 35601",,
"1700 S Westport Drive, Port Allen, LA 70767",,
"1156 SW Main, Hwy 71 S, Bunkie, LA 71322",,
"4700 Blue Mound Rd, Fort Worth, TX 76106",,
"5889 FM 1346, San Antonio, TX 78220",,
"4660 W Hwy 56, Cedar City, UT 84721",,
"310 New State Rd, Cayce, SC 29033",,
"c/o Mueller, Osceola, IA 50213",,
"856 Valley Lane, Kennedale, TX 76060",,
"2805 Mican Dr, Dallas, TX 75212",,
"1735 S Schuyler Ave, Kankakee, IL 60901",,
"35 Lohrig Rd, Jackson, TN 38301",,
"2013 CR 351, Stephenville, TX 76401",,
"Bay Springs, MS 39422",,
"Talladega, AL 35161",,
"2549 Pangburn Rd, Heber Springs, AR 72543",,
"1755 Zion CME Church Rd, Hartwell, GA 30643",,
"Glenwood, AR 71943",,
"1618 Hwy 182 E, Morgan City, LA 70380",,
"Splendora, TX 77372",,
"5200 Pinson Valley Pkwy, Bldg 1, Birmingham, AL 35215",,
"c/o Trident Building Systems, LLC, Sarasota, FL 34243",,
"Gordo, AL 35466",,
"Summersville, MO 65571",,
"Eufaula, AL 36027",,
"16701 Mathis Church Rd., Houston, TX 77090",,
"Bruce, MS 38915",,
"431 Farmer Rd, Townville, SC 29689",,
"Augusta, GA 30906",,
"5200 Elliott Reeder Rd, Ft Worth, TX 76117",,
"818 E Expressway 83, Weslaco, TX 78596",,
"6655 E State Hwy 137, Blytheville, AR 72315",,
"14367 Farm Road 2150, Cassville, MO 65625",,
"121 N Interstate Dr, Sikeston, MO 63801",,
"10665B Ridgeway Industrial Dr, Olive Branch, MS 38654",,
"Moyie Springs, ID 83845",,
"511 E Temple St, Terrell, TX 75160",,
"1209 W Corsicana St, Athens, TX 75751",,
"Taylorsville, MS 39168",,
"4750 West Marshall, Longview, TX 75604",,
"501 Ave H, Carter Lake, IA 51510",,
"3517 Crouch St, Lafayette, IN 47905",,
"2201 Ruddeloff Rd., Seguin, TX 78155",,
"3095 Hwy 179, Whiteville, TN 38075",,
"1910 US Hwy 96 N, Silsbee, TX 77656",,
"7360 Julie Frances Dr, Shreveport, LA 71129",,
"Newberry, SC 29108",,
"2100 Blackshear Dr, Montgomery, AL 36108",,
"1695 Buford Hwy, Duluth, GA 30097",,
"11049 S Hwy 287, Rhome, TX 76078",,
"1595 Tenaha St, Center, TX 75935",,
"2122 N Marshall Rd, Rockville, IN 47872",,
"Madison, GA 30650",,
"114 Arcado Rd SW, Lilburn, GA 30047",,
"Summer Shade, KY 42166",,
"Swainsboro, GA 30401",,
"2501 27th St N, Birmingham, AL 35234",,
"6029 Murphy, Houston, TX 77033",,
"Camden, TX 75934",,
"1631 Success Dr, Cantonment, FL 32533",,
"4055 S Perryville Rd, Cherry Valley, IL 61016",,
"2599 Harbor Ave, Memphis, TN 38106",,
"3840 Henry Reid Rd, Silsbee, TX 77656",,
"3505 Texoma Pkwy, Sherman, TX 75090",,
"2160 S Business 84, Snyder, TX 79549",,
"c/o DeMeester Wood Products, Coopersville, MI 49404",,
"232 Oakland Rd, Schulenburg, TX 78956",,
"495 Albemarle Rd, Charleston, SC 29407",,
"Preston, GA 31824",,
"1200 W. Crosby Road, Carrollton, TX 75006",,
"1010 Frank Oaks Rd, Fernwood, MS 39635",,
"San Antonio, TX 78219",,
"913 Maero St NW, Trinity, AL 35673",,
"Mexia, AL 36458",,
"Dudley, NC 28333",,
"1200 Rand Road, Kaufman, TX 75142",,
"680 Old Sand Rd, Ridgeway, VA 24148",,
"207 Industrial Dr, Moscow, TN 38057",,
"235 Benton Rd, Rosenberg, TX 77469",,
"Emden, MO 63439",,
"1406 Elrod Rd, Ste B, Piedmont, SC 29673",,
"2250 SW Lower Lake Rd, Saint Joseph, MO 64504",,
"Winnfield, LA 71483",,
"14582 CR 209, Kenton, OH 43326",,
"Fairfield, IL 62837",,
"11 Skyview Dr, Litchfield, IL 62056",,
"Columbus, MS 39702",,
"Idabel, OK 74745",,
"211 Walnut St, Lebanon, OH 45036",,
"Lewisville, AR 71845",,
"Wood Dale, IL 60191",,
"2911 E Nucor Rd, Norfolk, NE 68701",,
"80 DeHunt Dr, Buchanan, GA 30113",,
"1320 N US 81 Bypass, Mc Pherson, KS 67460",,
"28 Interstate Lane, Crossville, TN 38571",,
"Silver Creek, MS 39663",,
"4439 CR 30, Robstown, TX 78380",,
"10922 State Hwy 21 E, Alto, TX 75925",,
"5400 W Loop 281, Longview, TX 75603",,
"3525 Richard Arrington Jr Blvd, North Birmingham, AL 35234",,
"Joshua, TX 76058",,
"10525 S Washington, Amarillo, TX 79118",,
"629 E Commercial St, Springfield, MO 65803",,
"311 SE 14th, Pella, IA 50219",,
"12440 Seaway Rd, Gulfport, MS 39503",,
"751 Aleen St., Houston, TX 77229",,
"3200 County Rd 203, Henderson, TX 75652",,
"c/o Fab Forward Metals, Willow Park, TX 76087",,
"5530 W. Military Dr, San Antonio, TX 78242",,
"1061 James Buchanan Dr, Jackson, TN 38301",,
"300 Hadgraft Industrial Blvd, Chickamauga, GA 30707",,
"624 E McLeroy, Saginaw, TX 76179",,
"342 N Royal, Jackson, TN 38301",,
"415 S Industrial Blvd, Hidalgo, TX 78557",,
"201 N 5th St, Jarrell, TX 76537",,
"641 Donaldson Grove Rd, Elora, TN 37328",,
"501 W Boundary St, Savannah, GA 31401",,
"3443 N Topeka St, Wichita, KS 67219",,
"New Bloomfield, MO 65063",,
"3100 Juanita Dr, Denison, TX 75020",,
"8802 State Hwy 79 W, Jewett, TX 75846",,
"228 N Hewitt Dr, Hewitt, TX 76643",,
"8714 US-77, Lexington, TX 78947",,
"1309 Kansas St, Memphis, TN 38106",,
"2600 S Persimmon St, Pine Bluff, AR 71603",,
"14950 Gulf Freeway, Houston, TX 77034",,
"471 N Third Ave, Des Plaines, IL 60016",,
"301 S. 22nd Avenue, Durant, OK 74701",,
"4774 S 1000 East, Brazil, IN 47834",,
"2364 Hwy 49 East, Mount Pleasant, TX 75455",,
"c/o Holcim GlobalPlex, Reserve, LA 70084",,
"1303 McLean St, Lampasas, TX 76550",,
"11048 Everett Keith Rd, Huntersville, NC 28078",,
"Eatonton, GA 31024",,
"Colfax, LA 71417",,
"Calgary, AB T1Y 7H9",,
"314 Quachita 81, Stephens, AR 71764",,
"699 PR 4659, Kempner, TX 76539",,
"Strong, AR 71765",,
"Winona, MS 38967",,
"1421 Mims Avenue, Birmingham, AL 35211",,
"913 16th Ave W, Birmingham, AL 35204",,
"C4 Steel Solutions, Elkhart, TX 75839",,
"245 Leatherwood Creek Rd N, Pulaski, TN 38478-7233",,
"4830 Unity Rd, West Union, OH 45693",,
"777 Clow Road, Birmingham, AL 35217",,
"Nacogdoches, TX 75963",,
"Hatfield, AR 71945",,
"Moultrie, GA 31776",,
"428 CR 1520, Jacksonville, TX 75766",,
"Seven Springs, NC 28578",,
"5000 E Loop 250 N, Midland, TX 79705",,
"410 Hillburn Dr, Dallas, TX 75217",,
"130 Coleman Dr, Eatonton, GA 31024",,
"516 Jefferson, Tarrant, AL 35217",,
"992 Quality Dr, Lancaster, SC 29720",,
"Vancouver, BC V6C 1G8",,
"990 E Texas Ave, Waskom, TX 75692",,
"Pineland, TX 75968",,
"240 Mill Rd, Walnut, MS 38683",,
"494 Market St, Pass Christian, MS 39571",,
"2 CR 451, Pollard, AR 72456",,
"Fulton, AL 36446",,
"5505 N Bird Creek, Catoosa, OK 74015",,
"17817 St Rose Rd, Saint Rose, IL 62230",,
"Pine Bluff, AR 71602",,
"4951 Transport Ave, Monroe, LA 71203",,
"3300 12th St, Northport, AL 35476",,
"1453 S Washington, DuQuoin, IL 62832",,
"Dallas, TX 75211",,
"3200 E State Hwy 29, Burnet, TX 78611",,
"Ola, AR 72853",,
"1669 CR-21, Fremont, NE 68025",,
"551 Block Rd, Gunter, TX 75058",,
"Vance, AL 35490",,
"1020 Fort Gibson Rd, Catoosa, OK 74015",,
"Supply of Texas, Conroe, TX 77301",,
"407 Progress Drive, Sherman, TX 75092",,
"Salem, MO 65560",,
"2300 Sitler St, Memphis, TN 38114",,
"Tuscumbia, AL 35674",,
"Corrigan, TX 75939",,
"301 Salem Rd, Brenham, TX 77833",,
"718 Hwy 25 S, Aberdeen, MS 39730",,
"1225 E Maple St, Rensselaer, IN 47978",,
"1500 E 22nd St, Little Rock, AR 72206",,
"611 Godfrey Ave SE, Fort Payne, AL 35967",,
"565 Frashier Rd, Carrollton, GA 30116",,
"Henderson, TX 75652",,
"13638 IH-10 East, #2, Converse, TX 78109",,
"Canton, OH 44706",,
"2507 East 14th, Hutchinson, KS 67501",,
"131 Jones Blvd, La Vergne, TN 37086",,
"14020 Airline Hwy, Baton Rouge, LA 70817",,
"Wiggins, MS 39577",,
"2527 N Center St, Bonham, TX 75418",,
"4129 Outland Rd, Memphis, TN 38118",,
"Taylor, LA 71080",,
"Houston, TX 77049",,
"Carrsville, KY 42081",,
"Brewton, AL 36426",,
"3140 Pelham Pkwy, Pelham, AL 35124",,
"2370 Lawrence St, East Point, GA 30344",,
"9975 US Hwy 80 East, Scottsville, TX 75688",,
"3000 Braswell, Fort Worth, TX 76111",,
"30566 Fork Shoals Rd, Simpsonville, SC 29681",,
"Mansfield, AR 72944",,
"100 E Halliburton Blvd, Duncan, OK 73536",,
"480 Wrangler Dr, Ste 200, Coppell, TX 75019",,
"Warm Springs, AR 72478",,
"432 Howard Rd, Port Saint Joe, FL 32456",,
"400 Olmos Blvd, Suite 200B, Hidalgo, TX 78557",,
"1400 Westpark Way, Euless, TX 76040",,
"8031 Armstrong Rd, Milton, FL 32583",,
"12228 Airlane Dr, Benton, AR 72015",,
"605 Sligo Rd, Bossier City, LA 71112",,
"Millers Tavern, VA 23115",,
"301 Thompson Dr, Vincent, AL 35178",,
"3735 Wheat Ridge Rd, West Union, OH 45693",,
"Evansville - North Central Region, Evansville, WI 53536",,
"1501 26th Ave North, Birmingham, AL 35204",,
"nan, nan, nan nan",,
"Nacogdoches, TX 75964",,
"1310 Quarles Dr, Lebanon, TN 37087",,
"4410 Marsalis St, Fort Worth, TX 76117",,
"Boaz, AL 35956",,
"10521 Sheldon Rd, Houston, TX 77044",,
"Amity, AR 71921",,
"Ditch Witch, Perry, OK 73077-5803",,
"12002 Auburn Rd, Laredo, TX 78045",,
"Marshall, TX 75670",,
"Fort Worth, TX 76179",,
"1604 Sylvania Rd NW, Fort Payne, AL 35967",,
"16818 Ramsey Rd, Crosby, TX 77532",,
"c/o Global Trade Answer LLC, Pharr, TX 78577",,
"Corpus Christi, TX 78402",,
"1605 Century St., Pflugerville, TX 78660",,
"F. M. 3154, Groveton, TX 75845",,
"FM 71 EAST @ CR 3567, SULPHUR BLUFF, TX nan",,
"Dodson, LA 71422",,
"2420 E Main St, Chattanooga, TN 37404",,
"3770 S Loop East, Houston, TX 77021",,
"2003 Scott, Wichita Falls, TX 76301",,
"350 Patton Dr, Atlanta, GA 30336",,
"2045 Kensington Ave, Kankakee, IL 60901",,
"94 Oates Rd, Houston, TX 77013",,
"1738 Empire Central Dr, Dallas, TX 75235",,
"1913 Hutchings Ave, Ballinger, TX 76821",,
"Louisville, AL 36048",,
"Sabine Ship Svcs, 2975 Gulf States Rd, Beaumont, TX 77701",,
"28221 CR 319, Buena Vista, CO 81211",,
"2524 Birmingport Rd, Birmingham, AL 35224",,
"Houston, TX 77093",,
"1725 Vargrave St, Gate # 4, Winston Salem, NC 27107",,
"Summertown, TN 38483",,
"Olla, LA 71465",,
"134 Milton Ave, Ripley, TN 38063",,
"Barnesville, GA 30204",,
"7001 Enterprise Ave, Fort Worth, TX 76118",,
"Birmingham, AL 35214",,
"600 Liberty Dr, Bryan, TX 77807",,
"5611 Bird Creek Ave, Catoosa, OK 74015",,
"4125 Wayne Center Rd, South Wayne, WI 53587",,
"4630 Hickory Lane, Tuscumbia, AL 35674",,
"62 Walnut Rd, Hartselle, AL 35640",,
"Coushatta, LA 71019",,
"Troy, AL 36081",,
"Philadelphia, MS 39350",,
"Camden, AR 71701",,
"5109 Stickney Ave, Toledo, OH 43612",,
"8770 Central Expressway, Dallas, TX 75241",,
"Longview Mining, Longview, TX 75603",,
"516 Orchard, Port Neches, TX 77651",,
"2051 Roanoak Rd, LaGrange, GA 30240",,
"1310 E Richey Rd, Houston, TX 77073",,
"6016 N Main St, Acworth, GA 30101",,
"Abbeville, AL 36310",,
"218 E Lincoln St, Portland, IN 47371",,
"13040 Foulks Lane, Amite, LA 70422",,
"16301 Trammel Rd, Grabill, IN 46741",,
"761 S Sherman Dr, Indianapolis, IN 46203",,
"Fulton, MS 38843",,
"1264 CR 4050, Lovelady, TX 75851",,
"10617 S Yoder Rd, Haven, KS 67543",,
"923 Industrial Blvd, Ringgold, GA 30736",,
"3430 McCart Ave, Fort Worth, TX 76110",,
"4522 S Fitzhugh Ave, Dallas, TX 75223",,
"Dallas, TX 75284-7367",,
"Salem, KY 42078",,
"24559 State Hwy 79, Trafford, AL 35172",,
"Tahlequah, OK 74464",,
"15721 Alamo St, Hamshire, TX 77622",,
"Collins, MS 39428",,
"Riceboro, GA 31323",,
"Gilmer, TX 75655",,
"5700 Enterprise Dr, Greenville, TX 75402",,
"743 Winer Industrial Way, Lawrenceville, GA 30046",,
"Hondo, TX 78861",,
"9193 State Hwy 76, Exeter, MO 65647",,
"Thomasville, AL 36784",,
"8544 S State Road 3, Milroy, IN 46156",,
"1435 State Hwy 158, Ballinger, TX 76821",,
"21145 US Hwy 31, Vinemont, AL 35179",,
"5456 Uwharrie Rd, Archdale, NC 27263",,
"175 CR 2345, Grapeland, TX 75844",,
"5907 Wilkinson Blvd, Belmont, NC 28012",,
"201 Tobacco Rd, Bowling Green, KY 42101",,
"219 Chiles Ln, Denison, TX 75020",,
"Mt. Gilead, NC 27306",,
"3093 CR 4113 S, Henderson, TX 75654",,
"Fort Payne, AL 35967",,
"Leesville, LA 71496",,
"633 Georgia Tubing Rd, Cedar Springs, GA 39832",,
"Fredericton, NB E3A 1E6",,
"7611 Railhead Lane, Houston, TX 77086",,
"148 Punkin Center Rd, Castor, LA 71016",,
"15571 US Hwy 80 E, Waskom, TX 75692",,
"33991 E 800 North Rd, Chatsworth, IL 60921",,
"445 CR 1538, Jacksonville, TX 75766",,
"11820 Burkesville Rd, Summer Shade, KY 42166",,
"6151 N Prospect Rd, Park City, KS 67204",,
"38 County Rd 370, Iuka, MS 38852",,
"1214 E 8th St N, Newton, IA 50208",,
"720 Whittier St, Bronx, NY 10474",,
"78 San Marcos St, Austin, TX 78702",,
"21 N Vanntown School Rd, Flintville, TN 37335",,
"2700 Chambers St., Venus, TX 76084",,
"Brookhaven, MS 39601",,
"501 N George Nigh Expressway, Macalester, OK 74501",,
"1155 NE 28th St, Ft Worth, TX 76106",,
"5731 West Hwy 60, Brookline Station, MO 65619",,
"7000 S Eastern Ave, Oklahoma City, OK 73149",,
"Forest, MS 39074",,
"6201 Mumford Rd, Bryan, TX 77807",,
"Wadley, GA 30477",,
"679 Green Hill New Hope Rd, Wilmar, AR 71675",,
"114 Trooper Dr, Hot Springs National Park, AR 71913",,
"Ripley, MS 38663",,
"1 Steel Mill Dr., Seguin, TX 78155",,
"912 S 83rd St, Edinburg, TX 78542",,
"2212 US Hwy 6, Coal Valley, IL 61240",,
"136 Waco Sand Rd, Waco, TX 76708",,
"500 Austin Ave, Henderson, TX 75652",,
"Diboll, TX 75941",,
"8812 Hwy 79 W, Jewett, TX 75846",,
"3325 State Route 1099, Hickman, KY 42050",,
"SW Corner Ella Blvd & W Gulf Bank, Houston, TX 77088",,
"1004 N MacArthur Blvd, Grand Prairie, TX 75050",,
"Schiller Park, IL 60176",,
"Fordyce, AR 71742",,
"1625 W Sam Houston Pkwy N, Houston, TX 77043",,
"1424 S 15th St, Louisville, KY 40210",,
"2500 Gulf States Pkwy, Moundville, AL 35474",,
"Adairsville, GA 30103",,
"Ashville, AL 35953",,
"105 Chessen Ln, Alton, IL 62002",,
"Alcolu, SC 29001",,
