Unnamed: 0,Unnamed: 1,Prices are per MBF or 1000 board feet,Unnamed: 3,Unnamed: 4,Unnamed: 5,Unnamed: 6
Grade,ItemDescription,TransactionDate,West,Central,East,SortID
#4,2x10,2024-01-12,150,150,175,4
#4,2x10,2024-01-18,150,150,175,4
#4,2x10,2024-01-25,150,150,175,4
#4,2x10,2024-02-08,150,150,175,4
#4,2x10,2024-02-15,150,150,170,4
#4,2x10,2024-02-22,150,145,170,4
#4,2x10,2024-02-29,155,150,170,4
#4,2x10,2024-03-07,160,155,170,4
#4,2x10,2024-03-14,160,155,170,4
#4,2x10,2024-03-21,165,155,170,4
#4,2x10,2024-03-28,165,155,170,4
#4,2x10,2024-04-04,165,155,170,4
#4,2x10,2024-04-11,165,160,170,4
#4,2x10,2024-04-18,165,160,170,4
#4,2x10,2024-04-25,165,155,170,4
#4,2x10,2024-05-02,165,155,170,4
#4,2x10,2024-05-09,165,160,170,4
#4,2x10,2024-05-16,165,165,170,4
#4,2x10,2024-05-30,165,165,175,4
#4,2x10,2024-06-06,165,165,175,4
#4,2x10,2024-06-13,165,165,175,4
#4,2x10,2024-06-20,165,160,175,4
#4,2x10,2024-06-27,165,160,175,4
#4,2x10,2024-07-04,165,155,175,4
#4,2x10,2024-07-11,165,155,175,4
#4,2x10,2024-07-18,165,150,175,4
#4,2x10,2024-07-25,165,150,175,4
#4,2x10,2024-08-01,165,150,175,4
#4,2x10,2024-08-08,165,150,175,4
#4,2x10,2024-08-15,165,150,175,4
#4,2x10,2024-08-22,165,155,175,4
#4,2x10,2024-08-29,165,155,175,4
#4,2x10,2024-09-05,165,155,175,4
#4,2x10,2024-09-12,165,155,175,4
#4,2x10,2024-09-20,165,155,175,4
#4,2x10,2024-09-27,175,155,175,4
#4,2x10,2024-10-04,180,155,175,4
#4,2x10,2024-10-11,190,160,175,4
#4,2x10,2024-10-18,195,165,185,4
#4,2x10,2024-10-25,200,175,185,4
#4,2x10,2024-11-01,200,175,185,4
#4,2x10,2024-11-08,200,175,185,4
#4,2x10,2024-11-15,200,175,190,4
#4,2x10,2024-11-22,200,175,195,4
#4,2x10,2024-11-27,200,175,195,4
#4,2x10,2024-12-06,200,175,195,4
#4,2x10,2024-12-13,200,175,195,4
#4,2x10,2024-12-20,200,175,195,4
#4,2x10,2025-01-03,200,180,195,4
#4,2x10,2025-01-10,200,185,195,4
#4,2x10,2025-01-17,200,190,200,4
#4,2x10,2025-01-24,200,195,205,4
#4,2x10,2025-01-31,200,200,210,4
#4,2x10,2025-02-07,205,205,215,4
#4,2x10,2025-02-14,210,215,220,4
#4,2x10,2025-02-21,215,220,220,4
#4,2x10,2025-02-28,225,225,230,4
#4,2x10,2025-03-07,235,225,230,4
#4,2x10,2025-03-14,240,230,235,4
#4,2x10,2025-03-21,245,230,235,4
#4,2x10,2025-03-28,250,230,245,4
#4,2x10,2025-04-04,255,235,245,4
#4,2x10,2025-04-11,260,245,245,4
#4,2x10,2025-04-18,275,245,245,4
#4,2x10,2025-04-25,275,245,245,4
#4,2x10,2025-05-02,275,245,245,4
#4,2x10,2025-05-09,275,240,235,4
#4,2x10,2025-05-16,275,230,225,4
#4,2x10,2025-05-23,260,225,225,4
#4,2x10,2025-05-30,240,225,220,4
#4,2x10,2025-06-06,230,220,220,4
#4,2x10,2025-06-13,210,220,210,4
#4,2x10,2025-06-19,200,220,200,4
#4,2x10,2025-06-27,195,220,190,4
#4,2x10,2025-07-03,195,220,190,4
#4,2x10,2025-07-11,195,210,190,4
#4,2x10,2025-07-18,190,205,190,4
#4,2x10,2025-07-25,185,205,190,4
#4,2x10,2025-08-01,185,205,190,4
#4,2x10,2025-08-08,185,205,190,4
#4,2x10,2025-08-15,185,200,190,4
#4,2x10,2025-08-22,185,200,190,4
#4,2x10,2025-08-29,180,195,190,4
#4,2x10,2025-09-05,180,190,190,4
#4,2x10,2025-09-12,175,190,190,4
#4,2x10,2025-09-19,175,190,190,4
#4,2x10,2025-09-26,175,190,190,4
#4,2x10,2025-10-03,175,190,200,4
#4,2x10,2025-10-10,175,190,190,4
#4,2x10,2025-10-17,175,190,190,4
#4,2x12,2024-01-12,170,175,210,5
#4,2x12,2024-01-18,170,175,210,5
#4,2x12,2024-01-25,170,175,210,5
#4,2x12,2024-02-08,170,175,210,5
#4,2x12,2024-02-15,170,180,210,5
#4,2x12,2024-02-22,175,175,210,5
#4,2x12,2024-02-29,180,180,215,5
#4,2x12,2024-03-07,190,180,220,5
#4,2x12,2024-03-14,190,180,220,5
#4,2x12,2024-03-21,195,180,220,5
#4,2x12,2024-03-28,195,180,220,5
#4,2x12,2024-04-04,195,180,220,5
#4,2x12,2024-04-11,195,180,220,5
#4,2x12,2024-04-18,195,180,220,5
#4,2x12,2024-04-25,195,180,220,5
#4,2x12,2024-05-02,195,180,220,5
#4,2x12,2024-05-09,195,180,220,5
#4,2x12,2024-05-16,195,180,220,5
#4,2x12,2024-05-30,195,180,225,5
#4,2x12,2024-06-06,195,185,220,5
#4,2x12,2024-06-13,195,185,220,5
#4,2x12,2024-06-20,195,185,215,5
#4,2x12,2024-06-27,190,180,215,5
#4,2x12,2024-07-04,190,175,215,5
#4,2x12,2024-07-11,190,175,215,5
#4,2x12,2024-07-18,190,175,215,5
#4,2x12,2024-07-25,190,175,220,5
#4,2x12,2024-08-01,190,175,220,5
#4,2x12,2024-08-08,190,175,220,5
#4,2x12,2024-08-15,190,175,220,5
#4,2x12,2024-08-22,190,175,220,5
#4,2x12,2024-08-29,190,175,220,5
#4,2x12,2024-09-05,190,175,220,5
#4,2x12,2024-09-12,190,175,220,5
#4,2x12,2024-09-20,190,175,220,5
#4,2x12,2024-09-27,195,175,220,5
#4,2x12,2024-10-04,205,175,220,5
#4,2x12,2024-10-11,210,185,220,5
#4,2x12,2024-10-18,215,195,235,5
#4,2x12,2024-10-25,220,205,240,5
#4,2x12,2024-11-01,220,205,240,5
#4,2x12,2024-11-08,220,205,245,5
#4,2x12,2024-11-15,220,205,250,5
#4,2x12,2024-11-22,220,205,255,5
#4,2x12,2024-11-27,220,205,255,5
#4,2x12,2024-12-06,220,205,255,5
#4,2x12,2024-12-13,220,205,255,5
#4,2x12,2024-12-20,220,210,255,5
#4,2x12,2025-01-03,220,215,255,5
#4,2x12,2025-01-10,220,215,255,5
#4,2x12,2025-01-17,220,215,260,5
#4,2x12,2025-01-24,220,215,260,5
#4,2x12,2025-01-31,220,215,265,5
#4,2x12,2025-02-07,225,215,270,5
#4,2x12,2025-02-14,230,220,275,5
#4,2x12,2025-02-21,235,225,275,5
#4,2x12,2025-02-28,245,230,275,5
#4,2x12,2025-03-07,255,240,275,5
#4,2x12,2025-03-14,260,245,280,5
#4,2x12,2025-03-21,265,250,280,5
#4,2x12,2025-03-28,270,250,295,5
#4,2x12,2025-04-04,275,255,295,5
#4,2x12,2025-04-11,280,260,295,5
#4,2x12,2025-04-18,290,265,295,5
#4,2x12,2025-04-25,290,265,295,5
#4,2x12,2025-05-02,290,265,295,5
#4,2x12,2025-05-09,285,260,280,5
#4,2x12,2025-05-16,280,255,270,5
#4,2x12,2025-05-23,265,255,270,5
#4,2x12,2025-05-30,245,255,260,5
#4,2x12,2025-06-06,235,250,260,5
#4,2x12,2025-06-13,220,250,260,5
#4,2x12,2025-06-19,210,250,260,5
#4,2x12,2025-06-27,205,250,250,5
#4,2x12,2025-07-03,205,250,245,5
#4,2x12,2025-07-11,205,240,245,5
#4,2x12,2025-07-18,200,230,245,5
#4,2x12,2025-07-25,195,230,245,5
#4,2x12,2025-08-01,195,230,245,5
#4,2x12,2025-08-08,195,230,245,5
#4,2x12,2025-08-15,195,230,245,5
#4,2x12,2025-08-22,195,225,245,5
#4,2x12,2025-08-29,190,225,245,5
#4,2x12,2025-09-05,190,225,245,5
#4,2x12,2025-09-12,190,225,245,5
#4,2x12,2025-09-19,190,220,245,5
#4,2x12,2025-09-26,190,220,245,5
#4,2x12,2025-10-03,190,220,230,5
#4,2x12,2025-10-10,190,220,245,5
#4,2x12,2025-10-17,190,220,245,5
#4,2x4,2024-01-12,235,235,250,1
#4,2x4,2024-01-18,235,235,250,1
#4,2x4,2024-01-25,235,235,250,1
#4,2x4,2024-02-08,235,235,250,1
#4,2x4,2024-02-15,235,235,250,1
#4,2x4,2024-02-22,240,235,255,1
#4,2x4,2024-02-29,245,245,260,1
#4,2x4,2024-03-07,250,245,260,1
#4,2x4,2024-03-14,250,245,265,1
#4,2x4,2024-03-21,255,250,265,1
#4,2x4,2024-03-28,250,250,265,1
#4,2x4,2024-04-04,245,255,265,1
#4,2x4,2024-04-11,235,255,265,1
#4,2x4,2024-04-18,230,255,260,1
#4,2x4,2024-04-25,225,240,255,1
#4,2x4,2024-05-02,225,235,245,1
#4,2x4,2024-05-09,225,245,245,1
#4,2x4,2024-05-16,225,245,245,1
#4,2x4,2024-05-30,225,240,240,1
#4,2x4,2024-06-06,225,240,240,1
#4,2x4,2024-06-13,225,235,240,1
#4,2x4,2024-06-20,220,225,240,1
#4,2x4,2024-06-27,215,215,235,1
#4,2x4,2024-07-04,215,205,220,1
#4,2x4,2024-07-11,215,205,215,1
#4,2x4,2024-07-18,215,205,215,1
#4,2x4,2024-07-25,215,205,220,1
#4,2x4,2024-08-01,215,205,225,1
#4,2x4,2024-08-08,215,205,225,1
#4,2x4,2024-08-15,215,205,225,1
#4,2x4,2024-08-22,215,205,225,1
#4,2x4,2024-08-29,215,205,225,1
#4,2x4,2024-09-05,215,205,220,1
#4,2x4,2024-09-12,215,205,220,1
#4,2x4,2024-09-20,215,205,220,1
#4,2x4,2024-09-27,220,205,225,1
#4,2x4,2024-10-04,230,205,230,1
#4,2x4,2024-10-11,240,210,235,1
#4,2x4,2024-10-18,245,220,245,1
#4,2x4,2024-10-25,250,225,255,1
#4,2x4,2024-11-01,255,235,265,1
#4,2x4,2024-11-08,260,240,275,1
#4,2x4,2024-11-15,260,240,280,1
#4,2x4,2024-11-22,260,240,280,1
#4,2x4,2024-11-27,260,240,285,1
#4,2x4,2024-12-06,260,240,290,1
#4,2x4,2024-12-13,260,240,290,1
#4,2x4,2024-12-20,260,245,290,1
#4,2x4,2025-01-03,260,250,295,1
#4,2x4,2025-01-10,260,255,305,1
#4,2x4,2025-01-17,265,270,305,1
#4,2x4,2025-01-24,265,280,310,1
#4,2x4,2025-01-31,265,285,315,1
#4,2x4,2025-02-07,275,295,330,1
#4,2x4,2025-02-14,285,310,340,1
#4,2x4,2025-02-21,295,320,345,1
#4,2x4,2025-02-28,305,335,355,1
#4,2x4,2025-03-07,315,340,365,1
#4,2x4,2025-03-14,325,345,370,1
#4,2x4,2025-03-21,335,350,365,1
#4,2x4,2025-03-28,350,355,370,1
#4,2x4,2025-04-04,360,355,355,1
#4,2x4,2025-04-11,365,355,345,1
#4,2x4,2025-04-18,370,355,335,1
#4,2x4,2025-04-25,375,355,330,1
#4,2x4,2025-05-02,375,350,320,1
#4,2x4,2025-05-09,375,335,310,1
#4,2x4,2025-05-16,365,310,300,1
#4,2x4,2025-05-23,335,285,285,1
#4,2x4,2025-05-30,300,265,270,1
#4,2x4,2025-06-06,280,245,255,1
#4,2x4,2025-06-13,250,230,235,1
#4,2x4,2025-06-19,235,225,225,1
#4,2x4,2025-06-27,225,210,205,1
#4,2x4,2025-07-03,225,205,205,1
#4,2x4,2025-07-11,220,205,205,1
#4,2x4,2025-07-18,210,200,205,1
#4,2x4,2025-07-25,205,200,210,1
#4,2x4,2025-08-01,205,200,205,1
#4,2x4,2025-08-08,205,190,200,1
#4,2x4,2025-08-15,205,190,195,1
#4,2x4,2025-08-22,205,180,195,1
#4,2x4,2025-08-29,200,175,195,1
#4,2x4,2025-09-05,200,175,195,1
#4,2x4,2025-09-12,200,175,195,1
#4,2x4,2025-09-19,200,175,195,1
#4,2x4,2025-09-26,200,175,195,1
#4,2x4,2025-10-03,200,175,195,1
#4,2x4,2025-10-10,200,175,195,1
#4,2x4,2025-10-17,200,185,195,1
#4,2x6,2024-01-12,170,145,160,2
#4,2x6,2024-01-18,170,145,160,2
#4,2x6,2024-01-25,170,145,160,2
#4,2x6,2024-02-08,170,145,160,2
#4,2x6,2024-02-15,170,150,165,2
#4,2x6,2024-02-22,175,150,170,2
#4,2x6,2024-02-29,180,155,175,2
#4,2x6,2024-03-07,185,165,180,2
#4,2x6,2024-03-14,185,165,185,2
#4,2x6,2024-03-21,185,165,190,2
#4,2x6,2024-03-28,185,165,190,2
#4,2x6,2024-04-04,185,165,195,2
#4,2x6,2024-04-11,185,170,200,2
#4,2x6,2024-04-18,185,170,200,2
#4,2x6,2024-04-25,185,165,200,2
#4,2x6,2024-05-02,185,165,200,2
#4,2x6,2024-05-09,185,170,205,2
#4,2x6,2024-05-16,185,170,205,2
#4,2x6,2024-05-30,185,175,205,2
#4,2x6,2024-06-06,185,175,205,2
#4,2x6,2024-06-13,185,170,205,2
#4,2x6,2024-06-20,185,165,205,2
#4,2x6,2024-06-27,180,160,200,2
#4,2x6,2024-07-04,180,160,200,2
#4,2x6,2024-07-11,180,160,200,2
#4,2x6,2024-07-18,180,165,200,2
#4,2x6,2024-07-25,180,165,200,2
#4,2x6,2024-08-01,180,165,205,2
#4,2x6,2024-08-08,180,165,205,2
#4,2x6,2024-08-15,180,165,205,2
#4,2x6,2024-08-22,180,170,205,2
#4,2x6,2024-08-29,180,170,205,2
#4,2x6,2024-09-05,180,170,205,2
#4,2x6,2024-09-12,180,170,205,2
#4,2x6,2024-09-20,185,175,210,2
#4,2x6,2024-09-27,195,175,215,2
#4,2x6,2024-10-04,205,175,220,2
#4,2x6,2024-10-11,215,180,225,2
#4,2x6,2024-10-18,220,195,235,2
#4,2x6,2024-10-25,225,200,240,2
#4,2x6,2024-11-01,235,215,250,2
#4,2x6,2024-11-08,235,220,260,2
#4,2x6,2024-11-15,235,220,265,2
#4,2x6,2024-11-22,235,220,265,2
#4,2x6,2024-11-27,235,220,270,2
#4,2x6,2024-12-06,235,220,275,2
#4,2x6,2024-12-13,235,220,275,2
#4,2x6,2024-12-20,235,225,275,2
#4,2x6,2025-01-03,235,230,280,2
#4,2x6,2025-01-10,235,235,285,2
#4,2x6,2025-01-17,235,245,285,2
#4,2x6,2025-01-24,235,250,290,2
#4,2x6,2025-01-31,245,260,295,2
#4,2x6,2025-02-07,245,260,305,2
#4,2x6,2025-02-14,250,275,315,2
#4,2x6,2025-02-21,260,285,320,2
#4,2x6,2025-02-28,270,300,330,2
#4,2x6,2025-03-07,275,305,340,2
#4,2x6,2025-03-14,285,305,345,2
#4,2x6,2025-03-21,295,305,345,2
#4,2x6,2025-03-28,305,305,345,2
#4,2x6,2025-04-04,310,305,335,2
#4,2x6,2025-04-11,315,310,320,2
#4,2x6,2025-04-18,320,310,310,2
#4,2x6,2025-04-25,310,310,305,2
#4,2x6,2025-05-02,305,310,300,2
#4,2x6,2025-05-09,295,295,290,2
#4,2x6,2025-05-16,285,265,270,2
#4,2x6,2025-05-23,255,240,250,2
#4,2x6,2025-05-30,225,235,235,2
#4,2x6,2025-06-06,215,220,220,2
#4,2x6,2025-06-13,195,215,215,2
#4,2x6,2025-06-19,190,210,205,2
#4,2x6,2025-06-27,180,200,200,2
#4,2x6,2025-07-03,180,200,200,2
#4,2x6,2025-07-11,180,190,200,2
#4,2x6,2025-07-18,175,190,200,2
#4,2x6,2025-07-25,170,190,200,2
#4,2x6,2025-08-01,170,190,200,2
#4,2x6,2025-08-08,170,185,200,2
#4,2x6,2025-08-15,170,185,200,2
#4,2x6,2025-08-22,170,180,200,2
#4,2x6,2025-08-29,165,175,200,2
#4,2x6,2025-09-05,165,175,200,2
#4,2x6,2025-09-12,165,170,200,2
#4,2x6,2025-09-19,165,170,200,2
#4,2x6,2025-09-26,165,170,205,2
#4,2x6,2025-10-03,165,170,205,2
#4,2x6,2025-10-10,165,170,205,2
#4,2x6,2025-10-17,165,180,205,2
#4,2x8,2024-01-12,165,190,200,3
#4,2x8,2024-01-18,165,190,200,3
#4,2x8,2024-01-25,165,190,200,3
#4,2x8,2024-02-08,165,190,205,3
#4,2x8,2024-02-15,165,190,205,3
#4,2x8,2024-02-22,170,190,205,3
#4,2x8,2024-02-29,175,190,205,3
#4,2x8,2024-03-07,180,195,205,3
#4,2x8,2024-03-14,180,195,205,3
#4,2x8,2024-03-21,185,195,205,3
#4,2x8,2024-03-28,185,195,205,3
#4,2x8,2024-04-04,185,195,205,3
#4,2x8,2024-04-11,185,200,210,3
#4,2x8,2024-04-18,185,200,210,3
#4,2x8,2024-04-25,185,200,210,3
#4,2x8,2024-05-02,185,195,210,3
#4,2x8,2024-05-09,185,200,210,3
#4,2x8,2024-05-16,185,200,210,3
#4,2x8,2024-05-30,185,200,210,3
#4,2x8,2024-06-06,185,200,210,3
#4,2x8,2024-06-13,185,195,210,3
#4,2x8,2024-06-20,185,190,210,3
#4,2x8,2024-06-27,185,190,210,3
#4,2x8,2024-07-04,185,190,210,3
#4,2x8,2024-07-11,185,190,210,3
#4,2x8,2024-07-18,185,190,210,3
#4,2x8,2024-07-25,185,190,210,3
#4,2x8,2024-08-01,185,190,210,3
#4,2x8,2024-08-08,185,190,210,3
#4,2x8,2024-08-15,185,190,210,3
#4,2x8,2024-08-22,185,190,210,3
#4,2x8,2024-08-29,185,190,210,3
#4,2x8,2024-09-05,185,190,210,3
#4,2x8,2024-09-12,185,190,210,3
#4,2x8,2024-09-20,185,190,210,3
#4,2x8,2024-09-27,195,190,215,3
#4,2x8,2024-10-04,200,190,220,3
#4,2x8,2024-10-11,210,195,225,3
#4,2x8,2024-10-18,215,205,235,3
#4,2x8,2024-10-25,220,210,240,3
#4,2x8,2024-11-01,225,215,240,3
#4,2x8,2024-11-08,225,220,245,3
#4,2x8,2024-11-15,225,220,250,3
#4,2x8,2024-11-22,225,220,250,3
#4,2x8,2024-11-27,225,220,255,3
#4,2x8,2024-12-06,225,220,260,3
#4,2x8,2024-12-13,225,220,260,3
#4,2x8,2024-12-20,225,225,265,3
#4,2x8,2025-01-03,225,225,270,3
#4,2x8,2025-01-10,225,230,275,3
#4,2x8,2025-01-17,225,235,280,3
#4,2x8,2025-01-24,225,240,285,3
#4,2x8,2025-01-31,225,245,285,3
#4,2x8,2025-02-07,230,250,290,3
#4,2x8,2025-02-14,235,260,300,3
#4,2x8,2025-02-21,240,265,305,3
#4,2x8,2025-02-28,250,275,310,3
#4,2x8,2025-03-07,260,280,310,3
#4,2x8,2025-03-14,270,280,315,3
#4,2x8,2025-03-21,280,285,315,3
#4,2x8,2025-03-28,290,285,320,3
#4,2x8,2025-04-04,295,285,320,3
#4,2x8,2025-04-11,300,285,320,3
#4,2x8,2025-04-18,310,285,320,3
#4,2x8,2025-04-25,310,285,315,3
#4,2x8,2025-05-02,310,285,315,3
#4,2x8,2025-05-09,305,280,300,3
#4,2x8,2025-05-16,300,270,290,3
#4,2x8,2025-05-23,285,260,280,3
#4,2x8,2025-05-30,260,255,270,3
#4,2x8,2025-06-06,240,245,250,3
#4,2x8,2025-06-13,220,240,250,3
#4,2x8,2025-06-19,210,235,235,3
#4,2x8,2025-06-27,205,230,225,3
#4,2x8,2025-07-03,205,230,225,3
#4,2x8,2025-07-11,205,225,225,3
#4,2x8,2025-07-18,200,220,225,3
#4,2x8,2025-07-25,200,220,225,3
#4,2x8,2025-08-01,200,220,225,3
#4,2x8,2025-08-08,200,215,225,3
#4,2x8,2025-08-15,200,215,225,3
#4,2x8,2025-08-22,200,210,225,3
#4,2x8,2025-08-29,200,205,225,3
#4,2x8,2025-09-05,200,205,225,3
#4,2x8,2025-09-12,190,205,225,3
#4,2x8,2025-09-19,190,205,225,3
#4,2x8,2025-09-26,190,205,225,3
#4,2x8,2025-10-03,190,205,205,3
#4,2x8,2025-10-10,190,225,225,3
#4,2x8,2025-10-17,190,215,225,3
#3,2x10 #3,2024-01-12,190,195,230,10
#3,2x10 #3,2024-01-18,190,195,225,10
#3,2x10 #3,2024-01-25,190,190,225,10
#3,2x10 #3,2024-02-08,190,190,225,10
#3,2x10 #3,2024-02-15,190,190,225,10
#3,2x10 #3,2024-02-22,195,195,225,10
#3,2x10 #3,2024-02-29,200,195,225,10
#3,2x10 #3,2024-03-07,205,200,235,10
#3,2x10 #3,2024-03-14,205,205,240,10
#3,2x10 #3,2024-03-21,210,205,245,10
#3,2x10 #3,2024-03-28,210,205,245,10
#3,2x10 #3,2024-04-04,210,210,245,10
#3,2x10 #3,2024-04-11,210,210,245,10
#3,2x10 #3,2024-04-18,210,215,245,10
#3,2x10 #3,2024-04-25,215,215,245,10
#3,2x10 #3,2024-05-02,215,215,245,10
#3,2x10 #3,2024-05-09,220,220,245,10
#3,2x10 #3,2024-05-16,225,225,245,10
#3,2x10 #3,2024-05-30,230,225,250,10
#3,2x10 #3,2024-06-06,230,225,250,10
#3,2x10 #3,2024-06-13,230,225,250,10
#3,2x10 #3,2024-06-20,230,220,250,10
#3,2x10 #3,2024-06-27,225,220,245,10
#3,2x10 #3,2024-07-04,225,220,245,10
#3,2x10 #3,2024-07-11,225,220,245,10
#3,2x10 #3,2024-07-18,225,220,245,10
#3,2x10 #3,2024-07-25,225,220,245,10
#3,2x10 #3,2024-08-01,225,220,245,10
#3,2x10 #3,2024-08-08,225,220,245,10
#3,2x10 #3,2024-08-15,225,220,245,10
#3,2x10 #3,2024-08-22,225,220,245,10
#3,2x10 #3,2024-08-29,225,220,245,10
#3,2x10 #3,2024-09-05,225,220,245,10
#3,2x10 #3,2024-09-12,225,220,245,10
#3,2x10 #3,2024-09-20,225,220,245,10
#3,2x10 #3,2024-09-27,225,220,245,10
#3,2x10 #3,2024-10-04,225,220,250,10
#3,2x10 #3,2024-10-11,225,220,250,10
#3,2x10 #3,2024-10-18,235,220,250,10
#3,2x10 #3,2024-10-25,245,230,255,10
#3,2x10 #3,2024-11-01,245,230,260,10
#3,2x10 #3,2024-11-08,245,230,260,10
#3,2x10 #3,2024-11-15,245,230,265,10
#3,2x10 #3,2024-11-22,240,225,260,10
#3,2x10 #3,2024-11-27,235,220,260,10
#3,2x10 #3,2024-12-06,235,220,260,10
#3,2x10 #3,2024-12-13,235,210,260,10
#3,2x10 #3,2024-12-20,235,210,260,10
#3,2x10 #3,2025-01-03,240,215,265,10
#3,2x10 #3,2025-01-10,240,215,265,10
#3,2x10 #3,2025-01-17,240,215,265,10
#3,2x10 #3,2025-01-24,240,215,265,10
#3,2x10 #3,2025-01-31,240,220,265,10
#3,2x10 #3,2025-02-07,240,225,265,10
#3,2x10 #3,2025-02-14,240,225,265,10
#3,2x10 #3,2025-02-21,240,230,265,10
#3,2x10 #3,2025-02-28,245,230,265,10
#3,2x10 #3,2025-03-07,250,235,270,10
#3,2x10 #3,2025-03-14,260,240,280,10
#3,2x10 #3,2025-03-21,270,250,290,10
#3,2x10 #3,2025-03-28,275,255,295,10
#3,2x10 #3,2025-04-04,280,260,295,10
#3,2x10 #3,2025-04-11,285,270,300,10
#3,2x10 #3,2025-04-18,290,275,305,10
#3,2x10 #3,2025-04-25,290,280,305,10
#3,2x10 #3,2025-05-02,290,285,305,10
#3,2x10 #3,2025-05-09,290,285,300,10
#3,2x10 #3,2025-05-16,290,270,295,10
#3,2x10 #3,2025-05-23,275,260,295,10
#3,2x10 #3,2025-05-30,260,255,290,10
#3,2x10 #3,2025-06-06,250,250,285,10
#3,2x10 #3,2025-06-13,230,250,280,10
#3,2x10 #3,2025-06-19,220,245,270,10
#3,2x10 #3,2025-06-27,215,245,260,10
#3,2x10 #3,2025-07-03,215,240,250,10
#3,2x10 #3,2025-07-11,215,235,250,10
#3,2x10 #3,2025-07-18,215,235,245,10
#3,2x10 #3,2025-07-25,215,235,245,10
#3,2x10 #3,2025-08-01,215,235,245,10
#3,2x10 #3,2025-08-08,215,230,250,10
#3,2x10 #3,2025-08-15,218,225,245,10
#3,2x10 #3,2025-08-22,215,225,245,10
#3,2x10 #3,2025-08-29,205,220,245,10
#3,2x10 #3,2025-09-05,205,215,245,10
#3,2x10 #3,2025-09-12,205,215,245,10
#3,2x10 #3,2025-09-19,205,215,250,10
#3,2x10 #3,2025-09-26,205,215,250,10
#3,2x10 #3,2025-10-03,205,215,245,10
#3,2x10 #3,2025-10-10,205,210,245,10
#3,2x10 #3,2025-10-17,205,210,240,10
#3,2x12 #3,2024-01-12,200,220,240,11
#3,2x12 #3,2024-01-18,200,225,240,11
#3,2x12 #3,2024-01-25,200,220,240,11
#3,2x12 #3,2024-02-08,215,230,240,11
#3,2x12 #3,2024-02-15,220,230,240,11
#3,2x12 #3,2024-02-22,225,235,240,11
#3,2x12 #3,2024-02-29,230,245,240,11
#3,2x12 #3,2024-03-07,240,245,250,11
#3,2x12 #3,2024-03-14,240,245,255,11
#3,2x12 #3,2024-03-21,245,245,260,11
#3,2x12 #3,2024-03-28,245,245,260,11
#3,2x12 #3,2024-04-04,245,245,265,11
#3,2x12 #3,2024-04-11,245,245,265,11
#3,2x12 #3,2024-04-18,245,245,270,11
#3,2x12 #3,2024-04-25,245,250,270,11
#3,2x12 #3,2024-05-02,245,250,270,11
#3,2x12 #3,2024-05-09,245,255,270,11
#3,2x12 #3,2024-05-16,250,255,270,11
#3,2x12 #3,2024-05-30,255,265,275,11
#3,2x12 #3,2024-06-06,255,265,275,11
#3,2x12 #3,2024-06-13,255,265,270,11
#3,2x12 #3,2024-06-20,255,260,270,11
#3,2x12 #3,2024-06-27,250,260,270,11
#3,2x12 #3,2024-07-04,250,260,270,11
#3,2x12 #3,2024-07-11,250,255,265,11
#3,2x12 #3,2024-07-18,250,255,255,11
#3,2x12 #3,2024-07-25,250,255,255,11
#3,2x12 #3,2024-08-01,250,255,255,11
#3,2x12 #3,2024-08-08,250,255,255,11
#3,2x12 #3,2024-08-15,250,255,255,11
#3,2x12 #3,2024-08-22,250,255,250,11
#3,2x12 #3,2024-08-29,250,255,240,11
#3,2x12 #3,2024-09-05,250,255,240,11
#3,2x12 #3,2024-09-12,250,255,240,11
#3,2x12 #3,2024-09-20,240,255,240,11
#3,2x12 #3,2024-09-27,240,255,245,11
#3,2x12 #3,2024-10-04,240,255,245,11
#3,2x12 #3,2024-10-11,245,260,250,11
#3,2x12 #3,2024-10-18,255,260,250,11
#3,2x12 #3,2024-10-25,265,260,265,11
#3,2x12 #3,2024-11-01,275,260,275,11
#3,2x12 #3,2024-11-08,275,260,275,11
#3,2x12 #3,2024-11-15,275,260,275,11
#3,2x12 #3,2024-11-22,265,255,270,11
#3,2x12 #3,2024-11-27,260,250,265,11
#3,2x12 #3,2024-12-06,260,245,265,11
#3,2x12 #3,2024-12-13,255,245,265,11
#3,2x12 #3,2024-12-20,255,245,265,11
#3,2x12 #3,2025-01-03,260,245,270,11
#3,2x12 #3,2025-01-10,260,245,270,11
#3,2x12 #3,2025-01-17,260,245,270,11
#3,2x12 #3,2025-01-24,260,245,270,11
#3,2x12 #3,2025-01-31,260,250,270,11
#3,2x12 #3,2025-02-07,260,250,270,11
#3,2x12 #3,2025-02-14,260,255,270,11
#3,2x12 #3,2025-02-21,265,255,280,11
#3,2x12 #3,2025-02-28,270,265,285,11
#3,2x12 #3,2025-03-07,275,270,290,11
#3,2x12 #3,2025-03-14,285,275,300,11
#3,2x12 #3,2025-03-21,295,275,305,11
#3,2x12 #3,2025-03-28,305,275,305,11
#3,2x12 #3,2025-04-04,310,280,305,11
#3,2x12 #3,2025-04-11,315,285,310,11
#3,2x12 #3,2025-04-18,320,295,315,11
#3,2x12 #3,2025-04-25,320,295,315,11
#3,2x12 #3,2025-05-02,320,300,315,11
#3,2x12 #3,2025-05-09,315,295,310,11
#3,2x12 #3,2025-05-16,310,290,305,11
#3,2x12 #3,2025-05-23,295,290,300,11
#3,2x12 #3,2025-05-30,280,285,295,11
#3,2x12 #3,2025-06-06,270,275,290,11
#3,2x12 #3,2025-06-13,260,275,290,11
#3,2x12 #3,2025-06-19,240,270,285,11
#3,2x12 #3,2025-06-27,237,265,275,11
#3,2x12 #3,2025-07-03,237,260,265,11
#3,2x12 #3,2025-07-11,240,255,265,11
#3,2x12 #3,2025-07-18,240,250,260,11
#3,2x12 #3,2025-07-25,240,250,260,11
#3,2x12 #3,2025-08-01,240,250,260,11
#3,2x12 #3,2025-08-08,240,250,255,11
#3,2x12 #3,2025-08-15,243,245,255,11
#3,2x12 #3,2025-08-22,240,235,255,11
#3,2x12 #3,2025-08-29,230,235,255,11
#3,2x12 #3,2025-09-05,225,230,255,11
#3,2x12 #3,2025-09-12,225,230,255,11
#3,2x12 #3,2025-09-19,225,230,255,11
#3,2x12 #3,2025-09-26,225,230,255,11
#3,2x12 #3,2025-10-03,225,225,255,11
#3,2x12 #3,2025-10-10,225,220,255,11
#3,2x12 #3,2025-10-17,225,220,255,11
#3,2x6 #3,2024-01-12,200,200,200,8
#3,2x6 #3,2024-01-18,200,200,205,8
#3,2x6 #3,2024-01-25,200,200,205,8
#3,2x6 #3,2024-02-08,200,200,210,8
#3,2x6 #3,2024-02-15,205,205,215,8
#3,2x6 #3,2024-02-22,210,210,215,8
#3,2x6 #3,2024-02-29,220,215,215,8
#3,2x6 #3,2024-03-07,230,215,230,8
#3,2x6 #3,2024-03-14,230,220,235,8
#3,2x6 #3,2024-03-21,235,220,240,8
#3,2x6 #3,2024-03-28,235,220,240,8
#3,2x6 #3,2024-04-04,230,225,240,8
#3,2x6 #3,2024-04-11,220,225,245,8
#3,2x6 #3,2024-04-18,220,225,245,8
#3,2x6 #3,2024-04-25,220,225,250,8
#3,2x6 #3,2024-05-02,220,225,250,8
#3,2x6 #3,2024-05-09,220,225,250,8
#3,2x6 #3,2024-05-16,225,225,250,8
#3,2x6 #3,2024-05-30,230,225,255,8
#3,2x6 #3,2024-06-06,230,225,260,8
#3,2x6 #3,2024-06-13,230,225,260,8
#3,2x6 #3,2024-06-20,230,220,255,8
#3,2x6 #3,2024-06-27,225,205,245,8
#3,2x6 #3,2024-07-04,225,200,230,8
#3,2x6 #3,2024-07-11,225,200,220,8
#3,2x6 #3,2024-07-18,225,205,225,8
#3,2x6 #3,2024-07-25,225,205,225,8
#3,2x6 #3,2024-08-01,225,205,230,8
#3,2x6 #3,2024-08-08,225,205,230,8
#3,2x6 #3,2024-08-15,225,205,230,8
#3,2x6 #3,2024-08-22,225,205,230,8
#3,2x6 #3,2024-08-29,225,205,230,8
#3,2x6 #3,2024-09-05,230,205,230,8
#3,2x6 #3,2024-09-12,230,205,230,8
#3,2x6 #3,2024-09-20,230,205,230,8
#3,2x6 #3,2024-09-27,235,210,240,8
#3,2x6 #3,2024-10-04,245,215,250,8
#3,2x6 #3,2024-10-11,255,225,265,8
#3,2x6 #3,2024-10-18,265,240,280,8
#3,2x6 #3,2024-10-25,275,250,295,8
#3,2x6 #3,2024-11-01,280,260,305,8
#3,2x6 #3,2024-11-08,285,260,310,8
#3,2x6 #3,2024-11-15,280,260,315,8
#3,2x6 #3,2024-11-22,275,255,310,8
#3,2x6 #3,2024-11-27,270,255,310,8
#3,2x6 #3,2024-12-06,270,255,310,8
#3,2x6 #3,2024-12-13,270,255,310,8
#3,2x6 #3,2024-12-20,270,260,315,8
#3,2x6 #3,2025-01-03,280,265,320,8
#3,2x6 #3,2025-01-10,285,270,325,8
#3,2x6 #3,2025-01-17,290,280,330,8
#3,2x6 #3,2025-01-24,290,285,335,8
#3,2x6 #3,2025-01-31,295,285,345,8
#3,2x6 #3,2025-02-07,305,295,355,8
#3,2x6 #3,2025-02-14,315,310,365,8
#3,2x6 #3,2025-02-21,325,320,365,8
#3,2x6 #3,2025-02-28,335,335,370,8
#3,2x6 #3,2025-03-07,340,340,380,8
#3,2x6 #3,2025-03-14,350,340,380,8
#3,2x6 #3,2025-03-21,360,340,380,8
#3,2x6 #3,2025-03-28,360,340,360,8
#3,2x6 #3,2025-04-04,365,330,350,8
#3,2x6 #3,2025-04-11,365,335,350,8
#3,2x6 #3,2025-04-18,365,330,340,8
#3,2x6 #3,2025-04-25,350,330,335,8
#3,2x6 #3,2025-05-02,340,320,330,8
#3,2x6 #3,2025-05-09,330,300,315,8
#3,2x6 #3,2025-05-16,305,280,295,8
#3,2x6 #3,2025-05-23,275,260,280,8
#3,2x6 #3,2025-05-30,250,245,265,8
#3,2x6 #3,2025-06-06,230,230,245,8
#3,2x6 #3,2025-06-13,215,225,245,8
#3,2x6 #3,2025-06-19,210,220,230,8
#3,2x6 #3,2025-06-27,212,210,220,8
#3,2x6 #3,2025-07-03,212,210,220,8
#3,2x6 #3,2025-07-11,216,210,225,8
#3,2x6 #3,2025-07-18,216,205,225,8
#3,2x6 #3,2025-07-25,213,205,230,8
#3,2x6 #3,2025-08-01,220,205,230,8
#3,2x6 #3,2025-08-08,220,200,230,8
#3,2x6 #3,2025-08-15,225,200,230,8
#3,2x6 #3,2025-08-22,225,200,230,8
#3,2x6 #3,2025-08-29,225,195,230,8
#3,2x6 #3,2025-09-05,225,190,230,8
#3,2x6 #3,2025-09-12,225,190,225,8
#3,2x6 #3,2025-09-19,225,190,225,8
#3,2x6 #3,2025-09-26,230,190,225,8
#3,2x6 #3,2025-10-03,230,195,225,8
#3,2x6 #3,2025-10-10,230,195,230,8
#3,2x6 #3,2025-10-17,230,205,230,8
#3,2x8 #3,2024-01-12,215,235,230,9
#3,2x8 #3,2024-01-18,215,240,230,9
#3,2x8 #3,2024-01-25,215,235,230,9
#3,2x8 #3,2024-02-08,215,235,235,9
#3,2x8 #3,2024-02-15,220,240,240,9
#3,2x8 #3,2024-02-22,225,245,245,9
#3,2x8 #3,2024-02-29,235,245,245,9
#3,2x8 #3,2024-03-07,245,250,260,9
#3,2x8 #3,2024-03-14,245,255,270,9
#3,2x8 #3,2024-03-21,250,255,275,9
#3,2x8 #3,2024-03-28,250,255,275,9
#3,2x8 #3,2024-04-04,250,255,280,9
#3,2x8 #3,2024-04-11,250,250,285,9
#3,2x8 #3,2024-04-18,250,250,285,9
#3,2x8 #3,2024-04-25,250,250,290,9
#3,2x8 #3,2024-05-02,250,250,290,9
#3,2x8 #3,2024-05-09,250,250,290,9
#3,2x8 #3,2024-05-16,255,255,285,9
#3,2x8 #3,2024-05-30,255,255,285,9
#3,2x8 #3,2024-06-06,255,255,280,9
#3,2x8 #3,2024-06-13,255,250,280,9
#3,2x8 #3,2024-06-20,250,245,275,9
#3,2x8 #3,2024-06-27,245,240,255,9
#3,2x8 #3,2024-07-04,245,235,245,9
#3,2x8 #3,2024-07-11,245,235,245,9
#3,2x8 #3,2024-07-18,245,235,235,9
#3,2x8 #3,2024-07-25,240,235,235,9
#3,2x8 #3,2024-08-01,240,235,235,9
#3,2x8 #3,2024-08-08,240,235,235,9
#3,2x8 #3,2024-08-15,235,235,235,9
#3,2x8 #3,2024-08-22,235,235,235,9
#3,2x8 #3,2024-08-29,235,235,230,9
#3,2x8 #3,2024-09-05,235,230,230,9
#3,2x8 #3,2024-09-12,235,230,235,9
#3,2x8 #3,2024-09-20,225,230,235,9
#3,2x8 #3,2024-09-27,225,230,245,9
#3,2x8 #3,2024-10-04,230,230,255,9
#3,2x8 #3,2024-10-11,240,235,265,9
#3,2x8 #3,2024-10-18,250,250,275,9
#3,2x8 #3,2024-10-25,260,260,290,9
#3,2x8 #3,2024-11-01,265,270,300,9
#3,2x8 #3,2024-11-08,265,270,305,9
#3,2x8 #3,2024-11-15,260,265,305,9
#3,2x8 #3,2024-11-22,255,255,305,9
#3,2x8 #3,2024-11-27,255,255,305,9
#3,2x8 #3,2024-12-06,255,255,310,9
#3,2x8 #3,2024-12-13,255,255,310,9
#3,2x8 #3,2024-12-20,255,255,310,9
#3,2x8 #3,2025-01-03,260,260,315,9
#3,2x8 #3,2025-01-10,265,260,315,9
#3,2x8 #3,2025-01-17,265,265,315,9
#3,2x8 #3,2025-01-24,265,265,310,9
#3,2x8 #3,2025-01-31,270,270,310,9
#3,2x8 #3,2025-02-07,275,280,315,9
#3,2x8 #3,2025-02-14,280,285,320,9
#3,2x8 #3,2025-02-21,285,290,325,9
#3,2x8 #3,2025-02-28,290,300,330,9
#3,2x8 #3,2025-03-07,295,300,340,9
#3,2x8 #3,2025-03-14,305,300,340,9
#3,2x8 #3,2025-03-21,315,305,340,9
#3,2x8 #3,2025-03-28,325,305,340,9
#3,2x8 #3,2025-04-04,330,305,340,9
#3,2x8 #3,2025-04-11,330,305,345,9
#3,2x8 #3,2025-04-18,335,305,345,9
#3,2x8 #3,2025-04-25,335,310,345,9
#3,2x8 #3,2025-05-02,335,310,345,9
#3,2x8 #3,2025-05-09,325,300,325,9
#3,2x8 #3,2025-05-16,315,290,305,9
#3,2x8 #3,2025-05-23,290,280,300,9
#3,2x8 #3,2025-05-30,270,270,285,9
#3,2x8 #3,2025-06-06,250,260,270,9
#3,2x8 #3,2025-06-13,235,255,260,9
#3,2x8 #3,2025-06-19,225,250,245,9
#3,2x8 #3,2025-06-27,225,250,240,9
#3,2x8 #3,2025-07-03,225,245,240,9
#3,2x8 #3,2025-07-11,225,240,240,9
#3,2x8 #3,2025-07-18,225,240,240,9
#3,2x8 #3,2025-07-25,225,240,245,9
#3,2x8 #3,2025-08-01,225,240,245,9
#3,2x8 #3,2025-08-08,225,235,245,9
#3,2x8 #3,2025-08-15,235,235,245,9
#3,2x8 #3,2025-08-22,235,235,245,9
#3,2x8 #3,2025-08-29,225,230,245,9
#3,2x8 #3,2025-09-05,225,225,240,9
#3,2x8 #3,2025-09-12,225,225,240,9
#3,2x8 #3,2025-09-19,225,225,240,9
#3,2x8 #3,2025-09-26,225,225,240,9
#3,2x8 #3,2025-10-03,225,225,240,9
#3,2x8 #3,2025-10-10,225,230,240,9
#3,2x8 #3,2025-10-17,225,235,240,9
